city_name,graph_area,n,m,k_avg,intersection_count,streets_per_node_avg,edge_length_total,edge_length_avg,street_length_total,street_length_avg,street_segments_count,node_density_km,intersection_density_km,edge_density_km,street_density_km,circuity_avg,self_loop_proportion,clean_intersection_count,clean_intersection_density_km,avg_neighbor_degree_avg,avg_weighted_neighbor_degree_avg,degree_centrality_avg,clustering_coefficient_avg,clustering_coefficient_weighted_avg,pagerank_max_node,pagerank_max,pagerank_min_node,pagerank_min,pos,hours_congestion,year_change,cost,inner_time,inner_mile_speed
beijing,19780168707.915337,57596,137875,4.7876588651989715,48950,2.9412632821723728,45826288.94500064,332.3756224478741,28151349.898999576,332.13796808560335,84758,2.91180529602622,2.4747008340940946,2316.7794785624124,1423.2108084970166,1.09309105447,0.002067089755213055,,,2.6242194398420677,0.02368157359743306,8.312629334489872e-05,0.04524706576845607,0.00021193388137835182,4256148391,8.200485841213298e-05,530731546,2.6304569965956813e-06,,,,,,
karachi,4573389939.585521,57600,159385,5.534201388888889,51763,3.0108854166666665,18870342.136000536,118.39471804749843,10802524.203999914,124.57072584699732,86718,12.594596297472112,11.31830014142446,4126.117034689311,2362.038738594621,1.04051196809,0.00033880227123004046,,,2.9600306712964195,0.045303827478166005,9.608155330622854e-05,0.023729166666666187,0.00010325488081856058,733864160,8.638277828673759e-05,292559434,2.6139243109474563e-06,,,,,,
dhaka,1838136014.0651655,14212,37431,5.267520405291303,11314,2.6844919786096257,5858021.571999977,156.50187203120345,2963955.0410000025,157.28071323958622,18845,7.73174557881012,6.15514842940175,3186.935856310521,1612.4786296118589,1.1039248963600001,0.00032058988538911595,,,2.897863308002645,0.03537012058814296,0.0003706650063535939,0.039637864715263836,0.0006772637266176061,5068406008,0.00024392198996458443,2606773547,1.05967829634501e-05,,,,,,
lagos,4697954779.261097,82204,205955,5.010826723760402,63898,2.625249379592234,25075552.782000355,121.75258081619944,13286926.730999894,123.19820798330922,107850,17.49782700397325,13.601237773099642,5337.546647467791,2828.2364039889057,1.049670899,0.0017091112136146244,,,2.8320432501261883,0.035182927873666024,6.09567378776538e-05,0.032206056477382755,0.00019174161179481378,1472573892,4.68856937338981e-05,4007045558,1.8260016015174973e-06,,,,,,
guangzhou,9435282464.343102,44223,96059,4.3443004771272875,37948,2.894444067566651,25942772.11300036,270.07122823473446,17481168.071999907,273.22436460824156,63981,4.686982098005359,4.021925166883913,2749.549068725897,1852.744540299989,1.09626810649,0.0015823608407332993,,,2.3642994972449767,0.029310155232363036,9.823844414833183e-05,0.05715642474342676,0.0002721431244298595,2127725213,0.00010884666525017588,1338311645,3.4587537843804236e-06,,,,,,
tianjin,14854617885.801825,40245,95878,4.764716113802957,33492,2.9696359796247984,34265949.27099977,357.39115616721006,22571867.41700012,378.3227027973806,59663,2.7092585153918045,2.254652408932845,2306.754002992663,1519.5185490819326,1.04687273454,0.000730094495087507,,,2.6697250176004723,0.0241437624015039,0.00011839568914133125,0.03330671068278232,0.00031886453429823286,4138099734,0.00013883773207366224,1933899930,3.800731298485746e-06,,,,,,
mumbai,593387120.6511759,21789,54878,5.037220615907108,17646,2.7855798797558395,6496225.2750001075,118.37576578957157,3715904.044000017,122.3101294888258,30381,36.71970496442359,29.737753628079236,10947.701844069732,6262.191939592873,1.0733687652600001,0.0018951127956558184,,,2.8007243716248964,0.039924318624353576,0.00023119242775411074,0.03890189239218629,0.00047630362667527577,620389508,0.00020806032779009933,2231177362,6.889143524266248e-06,,,,,,
moscow,1405463573.3604126,16689,34994,4.1936604949367835,15476,3.024986518065792,8022613.079000024,229.2568177116084,5468038.888000048,218.2065879723871,25059,11.874373919273625,11.01131348640893,5708.1615141531165,3890.558952677915,1.06042638268,0.0008572898211121906,,,2.205120139013717,0.02476209362253341,0.00025129796829674047,0.08527373319751325,0.0008867198468227586,100012502,0.0003356393965624011,31448152,9.087506258472074e-06,1 (1),210 (10),-12%,-,5,11
baoding,25880460778.28956,21083,56320,5.3426931651093295,17722,2.9063226296067923,29160713.99800001,517.7683593394889,16792824.360999998,550.2596618716822,30518,0.8146300091258798,0.6847636968993427,1126.7463221698965,648.8611043234229,1.07069082942,0.0002130681818181818,,,2.9513209695015954,0.026779544085447048,0.00025342439830700617,0.031146737497826087,0.0001906837579328869,5739608201,0.00020994677206849093,4907643972,7.208147081011063e-06,,,,,,
delhi,1832875392.7990925,112091,294279,5.250715936159014,89891,2.761524118796335,25699974.20600105,87.33200196412605,14089603.65700008,91.1164088971958,154633,61.155821306989786,49.043704963883094,14021.670162068734,7687.158500984082,1.0483585475,0.0009616724265068184,,,2.946480389445392,0.055651559277563975,4.684374998812026e-05,0.024168543330653252,0.000284174525040414,3013078430,3.592329069850471e-05,851689232,1.3397181698222187e-06,,,,,,
suzhou,2791405425.7595572,2209,5302,4.800362154821187,1578,2.596650067904029,2673838.652000003,504.30755413051736,1464915.4939999988,512.0291835022714,2861,0.7913576364131767,0.56530663207786,957.882587504263,524.79495829646,1.04417806529,0.0007544322897019992,,,2.8481967707861777,0.02104664113794997,0.0021740770628718453,0.028368794326241176,0.0003906929838758173,2308245072,0.0016680375604942535,3142506228,6.885395214520999e-05,,,,,,
lima,37746771.596246704,2517,5661,4.498212157330156,2411,3.2193087008343264,519266.01300000155,91.72690567037655,371737.8600000008,94.39762823768429,3938,66.68119930686402,63.87301212906203,13756.56754316001,9848.202754297641,1.0189731150799999,0.004946122593181417,,,2.3124420606542184,0.039855401196844095,0.0017878426698450663,0.03749172295060252,0.001174686363635624,525867127,0.0013642616606824591,31035159,6.151819021336774e-05,,,,,,
cairo,3006426974.1583037,49574,120978,4.880703594626215,46651,3.0569855166014444,14956622.377000405,123.63092774719705,10116143.771000046,133.36511108328008,75853,16.489341143527696,15.517090686382186,4974.882977554357,3364.839345160617,1.0668474987799998,0.0039759295078444015,,,2.53674674896781,0.04568151889472584,9.845487653815764e-05,0.04135501136348085,0.00010523398169490978,3906436301,0.00011207736374030691,1050120879,3.0522796570614893e-06,,,,,,
dongguan,2905303207.227344,21148,48563,4.592680158880271,17913,2.95663892566673,14088945.408999944,290.1168669357318,9574931.752999997,306.8396652139079,31205,7.279102555420523,6.1656215280521955,4849.38899800604,3295.673831626601,1.0576770205700001,0.0004324279801494965,,,2.5449719437614493,0.021388610375474355,0.00021717880355986305,0.042841606095815325,0.00053772961991078,4853233851,0.0002297977840065001,294970020,7.269373289837343e-06,,,,,,
new york city,1230682053.7368743,55452,141682,5.110077183870735,51501,3.3144701724013563,16522827.939000305,116.61910432518108,11267449.533000108,122.67629354252294,91847,45.05794151432056,41.84752661633526,13425.74866418988,9155.451238431026,1.02124896921,0.0011010572973278187,,,2.700897172329176,0.03678811170859568,9.215482468968659e-05,0.04023827557424062,0.0007156504346530925,42727425,8.065459061789181e-05,42424258,2.7141357004579466e-06,,,,,,
nanjing,9130789000.6398,20305,49156,4.841763112533858,17125,2.98867274070426,19587697.97800018,398.48030714460447,12440623.294000098,410.3378617982749,30318,2.2237946795810544,1.8755224766227805,2145.236077257689,1362.491597728124,1.0714379506899998,0.0022581170152168608,,,2.6130135082844057,0.026206676087010144,0.00023846351027060673,0.04206188951818167,0.0004246913243319085,4319032666,0.0002750382709605992,2665700861,7.508126636114888e-06,,,,,,
wenzhou,16285088754.44036,16074,37101,4.616274729376633,13216,2.609991290282444,15478206.710999895,417.19109218080087,9188245.360999996,438.20323163868727,20968,0.9870379119436604,0.8115399430289546,950.452708265378,564.2121759081411,1.1740466354299999,0.0005660224791784587,,,2.575625233296005,0.052678383278364965,0.00028720678960843254,0.027217867363444014,0.00021492503171614493,2492144564,0.0003128627158413247,3868832339,9.44554141442866e-06,,,,,,
quanzhou,13096003058.55455,20088,42086,4.190163281561132,18220,2.5101553166069297,14255447.057001308,338.72183284230636,9451529.764999887,375.3138929039386,25183,1.5339031237380591,1.391264183318769,1088.5341881230997,721.7110230304943,1.14481457373,0.00016632609418809106,,,2.2241039426523455,0.2411722850786937,0.00020860075081205137,0.0330374921772773,0.00010083508441769386,5277456751,0.0002430443294432513,764425493,7.593142750708085e-06,,,,,,
xian,12228000014.799774,24483,63070,5.15214638728914,20312,2.9476779806396274,25207760.17799996,399.67908955129167,14569944.433000062,404.4847292690392,36021,2.002208044681696,1.6611056571324838,2061.478585826836,1191.5230957937347,1.07706602288,0.0009830347233232917,,,2.8917718416860896,0.01905550669915805,0.00021044630288743108,0.03206209167488454,0.0002580325521768425,2407359219,0.00017678672047488747,4563202005,6.1879510581918055e-06,,,,,,
bangalore,794227931.8240018,90053,243306,5.403617869476864,73875,2.8029160605421253,19314449.27699964,79.38336611920641,10267893.493999925,81.43821873066673,126082,113.3843275861462,93.01486014265544,24318.52180348608,12928.144532034989,1.04378854905,0.0009946322737622582,,,2.997172776032403,0.052415270923771774,6.000552868876255e-05,0.026022030412777685,0.0002463087023985762,1273685043,4.260173770066225e-05,265518566,1.667808442355482e-06,,,,,,
tehran,770355259.417788,95639,207786,4.345214818222692,73005,2.6638296092598206,16775482.314000245,80.73442057694092,10880638.042000134,85.50398058984962,127253,124.14921405518947,94.7679646598052,21776.293611182282,14124.182199032952,1.04723811492,0.0004764517339955531,,,2.511292812904225,0.05961075690525593,4.5433978316417654e-05,0.022884816365508442,0.00031558743937997754,1891225479,4.672117713944679e-05,266850620,1.5724333447162803e-06,,,,,,
shenzhen,3876289795.684913,29854,66928,4.4836872780866885,25930,2.973370402626114,14214803.58200002,212.3894869411908,9780330.15,220.4465164765812,44366,7.701694551638909,6.689386337643094,3667.115806930623,2523.1163472058943,1.0862819534,0.001464260100406407,,,2.446242267926145,0.029125900452712336,0.0001501921843059296,0.061942564927087634,0.0004951852889072753,4472714038,0.0001751164325338535,1169605221,5.086888298302728e-06,,,,,,
baghdad,887165888.7230947,49584,139817,5.6396014843497895,46963,3.0401944175540496,14215876.78800006,101.67488065113727,7879486.5819999585,104.63708726079916,75303,55.890336441324024,52.93598479940909,16023.921758828092,8881.638352147385,1.03213852613,0.0003003926561147787,,,2.9311229428847527,0.03900279067966583,0.00011374062651215908,0.02669140582983725,0.0002407811775260638,26663502,8.577065338900257e-05,21583503,3.0289696643725338e-06,,,,,,
bogotá,638112575.4915035,57283,145290,5.0727091807342495,50136,2.9637937957160063,11140766.909000224,76.67951620208015,6737838.213999999,79.40133180136226,84858,89.76942658727266,78.5692085152576,17458.936458694767,10559.0117994622,1.04138346413,0.00048179503062839834,,,2.7498462520667397,0.06042208890024784,8.855677491591518e-05,0.028440832192380312,0.00045368111244840583,1062778141,6.551990114581715e-05,316848114,2.622538258177753e-06,,,,,,
hong kong,1473757641.5463982,15373,29106,3.786638912378846,13149,2.852468613803421,4872704.042999993,167.41235631828462,3493735.035000015,159.1606320896549,21951,10.431158805642747,8.922091142613446,3306.312995864854,2370.6306495103745,1.13235518077,0.006596578025149453,,,2.0420054641254075,0.039960811098148134,0.000246333522793301,0.08140958328299754,0.00048559969099923377,281722523,0.00036764966256743056,279085262,9.815675090417453e-06,,,,,,
santiago,26684993.59332777,2266,4350,3.83936451897617,2124,3.362753751103265,433030.8759999993,99.54732781609181,381861.1509999987,102.0746193531138,3741,84.91664021109541,79.59529735585465,16227.505338741134,14309.958503998967,1.00844813161,0.0004597701149425287,,,1.9712783171521029,0.028456546820421917,0.0016950836728371619,0.021785819358634897,0.0007538140715431365,370189635,0.0017833872345719786,16106543,6.775100570166327e-05,,,,,,
mexico city,1526753163.9592366,102741,258569,5.033414118998257,87140,2.9541663016711928,23858015.78300038,92.26943594553244,14303961.004999747,94.33401484524765,151631,67.29378554786679,57.07536886579956,15626.635887317128,9368.875953665063,1.04848338248,0.0013806759511000933,,,2.752807776929838,0.04912761137032811,4.899176678024593e-05,0.02678652169994591,0.00031682232407258785,1141524338,3.671745209016837e-05,31180439,1.4646537494352252e-06,4 (4),218 (9),3%,-,7,9
fuzhou,16014929412.546919,12223,26592,4.351141291008754,10220,2.775177943221795,16209621.276000138,609.567587093868,10128833.743000085,597.5713122713913,16950,0.7632253433739066,0.6381545454701241,1012.156898006724,632.4619660867587,1.19825470285,0.0009025270758122744,,,2.3937492938761085,0.04692921420532389,0.0003560089421542088,0.048745729167884125,0.0003568827113521852,3075092333,0.00040345027018437186,1648148815,1.256782453958904e-05,,,,,,
changsha,13982192513.574629,18774,43095,4.590923617769255,15526,2.9258016405667413,17467189.083000027,405.31822909850393,11273328.363999985,410.92543427863177,27434,1.3427078751614412,1.1104124038434289,1249.245357338771,806.2632775979346,1.08799228504,0.0015315001740341108,,,2.520883681586015,0.027619060078424483,0.0002445492791652737,0.03917550614578464,0.00033562054160362893,5470975692,0.00028451541660068,2293600094,8.229161586246687e-06,,,,,,
ho chi minh city,2834109098.8604627,68471,161748,4.724569525784639,48114,2.508974602386412,17435006.67399993,107.79117314588082,9465797.295999987,110.29312658463816,85824,24.15962039976893,16.976763533678238,6151.847393951837,3339.955155504066,1.05826142843,0.0007913544526052872,,,2.788208633338904,0.04863916966113669,6.900203776517902e-05,0.020906661214236268,0.0002078669828261248,4603175867,6.622408102155678e-05,366238276,2.1947010270226284e-06,,,,,,
shantou,3385904309.4640694,6986,16254,4.653306613226453,5537,2.7928714572001145,6205377.604000064,381.77541552848913,3704701.222999985,380.98531705059503,9724,2.063259726647669,1.6353090619021105,1832.709089461028,1094.1541415227937,1.07890729766,0.0003076165866863541,,,2.6446058784235067,0.028110845897221338,0.0006661856282357311,0.04687470178452123,0.0005521400461191013,3357190060,0.0006054546248621432,1315997923,2.171917064902171e-05,,,,,,
wuhan,11312369229.596355,24375,55547,4.557702564102564,20113,2.8522666666666665,20070961.160999827,361.3329461717073,13154019.729000024,378.31520647109636,34770,2.1547210407726185,1.7779653043306534,1774.249120908158,1162.799716135979,1.0765197144399998,0.0022143410085153107,,,2.5066933333333634,0.026779315912252927,0.00018699034069509385,0.049541587301587815,0.0002606812077316523,2418779897,0.0002718040966846858,2659788218,6.330757619686503e-06,,,,,,
saint petersburg,867911590.2396469,13062,27958,4.280814576634512,11961,3.079390598683203,4758233.912999959,170.1922137849617,3390143.448999989,169.32091943861695,20022,15.04991999979322,13.781357611202473,5482.3947122150075,3906.093071143232,1.03938581998,0.0004292152514486015,,,2.268465717834125,0.040339818930319085,0.00032775549932118254,0.05980889676342172,0.0007777801685974451,106191031,0.00042590415966499125,699900,1.1560473920896755e-05,9 (9),200 (12),-5%,-,6,11
singapore,772475813.8142202,22187,43143,3.8890341190787403,19678,2.9738585658268355,5745133.521999981,133.1649055930274,4422154.085000016,133.98030918620904,33006,28.721934853142155,25.473936721509503,7437.298902126769,5724.65054040325,1.0817372510299998,0.003639060797811928,,,2.086668619762329,0.03910119037494631,0.000175292261745142,0.113163864725589,0.0009082256824119717,395054088,0.0002059774800154296,239886623,6.804223857539936e-06,14 (14),105 (105),-2%,-,4,15
casablanca,246196097.4838565,29830,79622,5.338384177003016,27856,3.06235333556822,5745317.263000056,72.15740954761317,3427543.9990000427,75.07982123455803,45652,121.16357775312015,113.14557901075813,23336.34578987096,13922.007838588072,1.04823116759,0.0014192057471553087,,,2.8026484204140627,0.06285904676113613,0.00017896624684041093,0.042495570135529584,0.0008704786732655011,770235547,0.00014152574641696823,458740775,5.040609022600793e-06,,,,,,
foshan,5916361778.032709,38695,90334,4.6690270060731365,32632,2.887117198604471,21454725.36899993,237.50443209644132,14051352.762000015,251.73064300686173,55819,6.540337026662818,5.5155518246300845,3626.3376334862987,2374.998907972854,1.0711268349,0.0015498040604866384,,,2.557774352537161,0.027856854818843476,0.00012066540047742725,0.05274447910705585,0.0004467203093345383,1206306990,0.00012663002442820615,2048126028,3.952578610474745e-06,,,,,,
yangon,1300951702.2028208,46277,131570,5.686194005661559,40568,2.9652527173325844,12943860.148000145,98.3800269666348,6748995.001999905,98.3503104252267,68622,35.571651062558296,31.183325200550275,9949.531659079355,5187.736785748657,1.0346083599,0.0005700387626358592,,,3.0481020089170734,0.043790227275571435,0.00012287565921120596,0.02802595550396805,0.0003434820169079523,490612525,9.440567139447053e-05,270874198,3.2428440996892325e-06,,,,,,
hyderabad,923083835.2610537,136022,366800,5.393245210333623,109715,2.7678096190322155,22120335.140999664,60.306257200108135,11495175.90400005,61.31578025870142,187475,147.3560632350713,118.8570266415422,23963.516959154527,12453.013978680652,1.0442855737299999,0.0004498364231188658,,,3.0201625122260736,0.17325591311123806,3.965009234105717e-05,0.02317853344452141,0.00020000491081747569,3598282402,2.6553495426629847e-05,1595389590,1.1044001050603263e-06,,,,,,
rio de janeiro,1439490458.9996927,63257,157498,4.979622808542928,52467,2.808400651311317,16692394.35499996,105.9848020609783,9632927.903000033,108.31181513880648,88937,43.944021722768156,36.448313826588,11596.043760234135,6691.901181265202,1.05844956177,0.001879388944621519,,,2.743307460044043,0.042575529007880836,7.872174668878054e-05,0.041667061879845715,0.00033021286606674195,349338299,6.886615715399872e-05,145760586,2.375254092933078e-06,7 (8),199 (13),15%,-,5,13
istanbul,7939184074.515598,193628,520722,5.378581610097713,173155,2.957862499225319,48735564.60000061,93.59229031997995,27521543.26600029,96.02302492551055,286614,24.38890422273198,21.810175752923932,6138.611240472358,3466.5455552722497,1.06736958173,0.001173370819746429,,,2.8613601424719537,0.05285557705719872,2.7778055798478157e-05,0.03799470167143516,0.0001830993065928756,1833053305,1.7961889315889497e-05,813585032,7.76786771109832e-07,2 (3),157 (32),6%,-,6,10
hanoi,4304112396.310472,60513,149870,4.953315816436137,45641,2.612430386859022,17216246.403999705,114.87453395609332,9319915.538999898,117.9392776659947,79023,14.059344744777654,10.604044643240249,3999.9527936950817,2165.351338638141,1.06693425859,0.0007473143390938812,,,2.834864133877645,0.04911753552139555,8.185675265129662e-05,0.0283605333131867,0.00012724905844066644,5709898550,7.778763423370041e-05,1785097904,2.4843407831005503e-06,,,,,,
zunyi,37894817049.4285,8463,18849,4.454448777029422,6033,2.5535861987474893,18824370.60900003,998.6933316886852,10954796.990000024,1016.78086040468,10774,0.22332869397314145,0.15920382969868396,496.75317298527307,289.08430869875997,1.27717867719,0.0016446495835322828,,,2.582098546614677,0.01575652934607843,0.0005264061424047931,0.04565756823821318,0.000295530808809244,1537908244,0.0006821774915699418,4572746086,1.804292011839456e-05,,,,,,
chennai,506981216.7664513,42264,111623,5.282178686352451,34083,2.742949081961007,9976746.485000143,89.37894954445001,5294141.352999928,91.57671296119992,57811,83.36403519949253,67.22734269601325,19678.730010220646,10442.480269320815,1.04849932213,0.0005375236286428425,,,2.9443876585270763,0.04677873615206524,0.00012498352427306537,0.027601110480156687,0.00042734034153008466,2166734647,0.00010422425937617906,256018770,3.5560596354897417e-06,,,,,,
bangkok,2166072020.3272915,144035,317832,4.413260665810394,89851,2.33911896414066,31371105.53399913,98.70342046741399,17225550.87999999,102.22939530798399,168499,66.4959422624537,41.4810768787012,14482.94666086818,7952.4368157422705,1.05940418021,0.0016801329004002116,,,2.7668695108822385,0.05335463204808487,3.0640408971581404e-05,0.022501475335857658,0.00026044836935637213,66237586,3.2001099745707266e-05,68129611,1.0430410648919288e-06,,,,,,
changchun,25954726940.032444,13652,32871,4.815558159976559,11580,2.9879138587752716,16345075.602999896,497.2491132913479,9902457.082999997,486.5115988503486,20354,0.5259928194021268,0.4461615037120296,629.753325502698,381.52807794431055,1.06307474315,0.0004259073347327432,,,2.6455171403457154,0.02141269612470226,0.0003527623001960606,0.03897841586092358,0.000183359969865707,3523404563,0.0003369102741921766,5813887962,1.1312030839492975e-05,,,,,,
surat,5734104178.262136,15602,38367,4.9182156133829,12010,2.707088834764774,10795374.738000045,281.37135397607443,5873134.704999961,278.9557663626846,21054,2.720913243806563,2.0944858388742995,1882.6610752774725,1024.2462505764868,1.0690924851899999,0.0003388328511481221,,,2.8382301414349085,0.03928435366205933,0.00031525002329229154,0.03799726530786664,0.0005855363416092001,5493603969,0.0003019906873274597,4916489595,9.636732370188353e-06,,,,,,
guayaquil,1706219589.5506551,36971,103995,5.625760731384058,33025,3.1235292526574883,8414328.376000015,80.91089356219064,4842500.119000003,83.84991202036299,57752,21.668371542807442,19.355656330670406,4931.562401188929,2838.145892039201,1.04630461415,0.0004807923457858551,,,3.0188399917051028,0.05297033510118173,0.00015217096920169265,0.023941544917445542,0.00014439690818258982,415313210,0.00010425390226506676,415546903,4.062221655566118e-06,21 (22),167 (23),2%,-,5,12
jeddah,319589.94035283296,26,84,6.461538461538463,26,3.3846153846153846,13076.335999999998,155.67066666666662,6538.168000000002,155.67066666666668,42,81.35425029741404,81.35425029741404,40915.98122758023,20457.990613790123,1.048245212,0.0,,,3.3044871794871797,0.02236571251063717,0.2584615384615386,0.09615384615384616,0.04777656800696749,5312759466,0.051219452060922176,5181936333,0.02812189900509709,,,,,,
abidjan,1949080193.532021,38213,107833,5.643786146075943,33031,2.9062884358726087,12497791.458000002,115.89950625504255,6496834.683000034,116.95682519937414,55549,19.605658159581626,16.946968169710324,6412.148406963265,3333.282388564429,1.05721225688,0.0006769727263453674,,,3.0499991276962057,0.042052687168390855,0.00014769669596144817,0.03691588377428198,0.0003640203893687814,3251048025,9.807307548219216e-05,244526576,3.927041604611253e-06,,,,,,
jakarta,1980021729.7522254,121626,315741,5.191998421390164,101099,2.7570667455971587,22746482.851999763,72.0415874150008,12541328.42500004,74.86868578779925,167511,61.42659859355176,51.059540650925705,11487.996576101308,6333.9347425088245,1.06754700549,0.000962814458686075,,,2.8402797647431064,0.05777080292632649,4.2688579004149735e-05,0.032386441495517726,0.0003116690812923871,4555511671,3.393465686307175e-05,90653275,1.2351523633034175e-06,,,,,,
new taipei city,2728169198.0309105,14626,35149,4.806372213865719,11703,2.823533433611377,8598391.503000094,244.62691692509296,5007883.3050000435,243.7875233667629,20542,5.361104439767334,4.289689953411535,3151.7075660872088,1835.6204991297989,1.21052667548,0.0009957609035818943,,,2.668015862163286,0.03266541688290418,0.0003286408351361777,0.04644208291822165,0.0004973486821345597,1506078722,0.00032085451980924825,47952536,1.038743223702894e-05,,,,,,
shijiazhuang,16348967978.90272,40074,111689,5.574137844986773,33360,2.9417327943304885,36099420.99900016,323.21375425512053,20070697.066000286,341.0599691748281,58848,2.45116389314071,2.0404957697053967,2208.0550310933454,1227.6430592989245,1.05600898791,0.00010744119832749869,,,3.117458119146095,0.02717472424393261,0.0001390995893741082,0.02630134251634507,0.00021166639108440689,6181920748,0.0001278885364900147,5157559027,3.760063537550935e-06,,,,,,
berlin,1126811850.9986699,28578,74352,5.203443208062144,25169,3.003184267618448,10669828.671999963,143.50425909188678,6138199.617000036,143.12828468497963,42886,25.361820586703907,22.336470793853678,9469.041936809164,5447.404206443051,1.0414734286,0.002394017645792985,,,2.808109968040681,0.051573445385767885,0.00018208500570607492,0.05047122495159349,0.0006139668516690325,26804478,0.00016966271867873466,12696810,5.2627617342136845e-06,15 (16),154 (40),-5%,"€1,340",5,11
hefei,13822436300.976973,17305,39797,4.599479919098528,14886,3.0813059809303667,19086088.93499997,479.5861229489652,12295311.057999926,462.0039476195816,26613,1.2519500631575982,1.0769447350571515,1380.8049839702248,889.518373626427,1.05765741579,0.0007286981430761112,,,2.5098218241356265,0.0211042462585337,0.0002658044336048928,0.03733988250024084,0.0004594645455756378,3409912958,0.00033819895449373704,3032181267,8.919850310450647e-06,,,,,,
ningbo,12214118256.512514,26164,60677,4.638205167405594,22147,2.979055190337869,23716026.09800023,390.856932577422,15496583.767000126,397.64398570732413,38971,2.1421112396754034,1.813229537727074,1941.6895759425736,1268.7435508279455,1.10289319935,0.0009064390131351254,,,2.5635071090047483,0.029377704904443486,0.0001772810903721132,0.037123528512460265,0.00016707642542792856,2404995530,0.00023072999958254628,5637138258,5.843236156958053e-06,,,,,,
madrid,732832074.6770833,30666,62008,4.044087914954673,28666,3.081882214830757,6203218.8320000125,100.0390083860149,4759373.855000046,100.91329760617529,47163,41.84587582839184,39.11673764092743,8464.720699804811,6494.4944680501685,1.05042315457,0.0017900916010837313,,,2.0933150720667912,0.051008781293006906,0.00013187959937892293,0.06285571425465397,0.0005507120455249941,4340536572,0.00016431790011922282,21696579,4.965656124715717e-06,22 (23),129 (74),3%,-,7,8
los angeles,1973609766.9712806,53201,146414,5.5041822522133055,44070,2.9410161463130398,22416768.589000247,153.10536280000716,12125044.283000095,156.63408194031902,77410,26.956190068740252,22.329642230961507,11358.257829966673,6143.587494303549,1.04791427377,0.0010586419331484694,,,3.0444838577148383,0.03316487755796023,0.00010346207241001656,0.03155329160479307,0.0009116150805069377,4757166084,8.168846030049212e-05,15711955,2.8393642730960575e-06,,,,,,
zhongshan,1863674958.8386304,17399,42893,4.930513247887808,14795,2.890510948905109,9303492.140000008,216.90001025808425,5755421.388999977,228.80740196390147,25154,9.3358554384625,7.93861608207671,4992.0143509346635,3088.210935981312,1.07168162309,0.0025878348448464786,,,2.6854828821579946,0.03439920679488727,0.00028339540452281735,0.05335172519493563,0.0006074241850470433,5235882009,0.00038098737590521066,993708417,8.747545432249668e-06,,,,,,
nairobi,954342426.3225927,19842,47554,4.793266807781474,14665,2.5536236266505394,6960653.269999937,146.37366509652054,3749902.211999988,148.16477189932388,25309,20.791279369668178,15.366601751647206,7293.664284445271,3929.3047323167243,1.0847335731399999,0.0041636875972578535,,,2.749485938917543,0.038144143881959455,0.00024158393265363585,0.03613379027651823,0.00045655806405243504,291530960,0.0002068881040897923,30092278,7.591809709531958e-06,,,,,,
kabul,4651138282.886364,31505,82247,5.221202983653387,24479,2.689509601650532,12739117.35799977,154.88853524140418,6579312.7760000015,155.26768244678343,42374,6.773610691370133,5.263012731758435,2738.924663855454,1414.5597004088784,1.06733067082,0.0004984984254744854,,,2.9474541456003767,0.03637004538098988,0.00016573143041047545,0.01932754438071056,0.00016562952906513427,25914150,0.000151583188251855,104336684,4.761772112538771e-06,,,,,,
incheon,706635.9760390954,35,94,5.371428571428571,30,2.8285714285714287,17916.600000000006,190.60212765957453,10912.411,227.34189583333333,48,49.53045300097144,42.45467400083266,25354.78040677729,15442.761718936676,1.31912523326,0.02127659574468085,,,2.9261904761904765,0.03331549573620695,0.1579831932773109,0.028571428571428567,0.0023422895068864725,4680236823,0.04834311196981966,4680211582,0.009912339905411831,,,,,,
buenos aires,212606002.28584096,17438,37010,4.244752838628283,16994,3.5549374928317468,3957624.4579999913,106.93392212915406,3349544.375999992,108.4907811103191,30874,82.02026195175453,79.9318919376142,18614.829381341315,15754.702783492692,1.01275029999,0.0005403944879762226,,,2.176434606415116,0.029092115570924518,0.00024343366626302607,0.038137291847579864,0.000727784185163391,89251145,0.00027044532814878827,224201140,8.654649647081666e-06,,,,,,
london,1839381240.4001079,125352,295800,4.719509860233583,93722,2.555076903439913,29043585.78899914,98.18656453346566,15741527.620000202,97.96269576635738,160689,68.14900426663755,50.95300416329858,15789.867348370637,8558.055977876591,1.06212044544,0.005182555780933063,,,2.6969089710043304,0.05398421132797433,3.765035668035055e-05,0.03802731508073359,0.0004128373279151357,11080848,3.867351482906618e-05,108553,1.19874964329945e-06,6 (6),227 (6),1%,"£1,680",8,7
quezon city,183668024.8121296,15207,39680,5.218649306240547,12369,2.7898993884395344,3868548.035000004,97.49365007560495,2107305.423000007,99.74465958252506,21127,82.79612096637369,67.3443296003864,21062.71921286825,11473.447406839208,1.05490199435,0.0021673387096774197,,,2.8781986365928054,0.04633087029674991,0.0003431967188110271,0.04874728743341947,0.0021255779837583877,40818825,0.0002506440877489507,30105558,9.917451704598605e-06,,,,,,
ekurhuleni,2234383650.611492,52827,146375,5.541673765309406,46805,2.9521646127927013,21683829.800999872,148.13888847822287,11864264.263999978,151.33376188168037,78398,23.642761611481824,20.947611206871613,9704.613527343694,5309.85995209598,1.09630328659,0.007856532877882152,,,2.9133539667214845,0.03412040541157649,0.00010490428511170811,0.06688940630107755,0.00034660374942465386,415436146,8.444587043627365e-05,25694447,2.8494774681805197e-06,,,,,,
mashhad,579601782.4263827,33002,80524,4.879946669898794,26880,2.8196169929095207,7757056.858999956,96.3322346008638,4628207.912000035,99.54847956637778,46492,56.93909335793269,46.37666897343285,13383.424782661374,7985.15127511341,1.03196080451,0.0007823754408623517,,,2.7637077550855107,0.043195560229866634,0.00014787269082446345,0.02904167424196588,0.0007741361467082037,262320062,0.00015015566355192257,260137899,4.553108503190145e-06,,,,,,
kiev,997795861.5883104,9296,21867,4.70460413080895,7724,2.815081755593804,4339320.600000013,198.44151461105832,2604190.732000019,199.89182775560482,13028,9.31653493250859,7.741062372923445,4348.9061911848385,2609.943408519072,1.05683519886,0.0011432752549503818,,,2.6073848967297675,0.026872055716425498,0.0005061435320934332,0.06243187033849664,0.0011944815950990836,26410581,0.0005260598751217326,26300206,1.6196228245959112e-05,,,,,,
khartoum,1328569289.647738,105345,331084,6.285708861360292,103605,3.2132422041862454,26242417.72099945,79.26211390764715,13473391.23799988,79.6944999083175,169063,79.2920631395383,77.98238361167465,19752.38922462032,10141.278549026425,1.02048314812,9.061144603786352e-05,,,3.2168503488534874,0.05228054648249386,5.966840884487981e-05,0.013932814855497223,0.0002070310639253673,5937001872,2.6319354536331547e-05,1685189269,1.4242666750649416e-06,,,,,,
salvador,609168433.7795566,24457,57609,4.711043872919818,18965,2.6356053481620805,5673581.765000016,98.48429524900652,3248529.0779999904,100.64220453559669,32278,40.14817354907526,31.132604626823092,9313.650298323151,5332.727202958706,1.09134454977,0.003922998142651322,,,2.661927055648764,0.04453792004079296,0.00019263345898430043,0.05283695192923592,0.0010193509088058878,340233878,0.00017359091434803942,616007843,6.154599856480001e-06,,,,,,
lucknow,2691399316.635389,22563,60182,5.334574303062536,19812,2.9106944998448787,10344346.375000013,171.8843902661927,5621796.314999986,171.39100378037216,32801,8.383371378798884,7.361226510515602,3843.482574682316,2088.800528502767,1.0870529191299998,0.0006978830879665016,,,2.859706894768829,0.041851940446636336,0.00023644066585692665,0.0407156258771744,0.0003262161535094364,2215163977,0.00018923800301467496,3655944932,6.6557777848357375e-06,,,,,,
addis ababa,582911401.300447,57346,154538,5.389669724130715,49631,2.862605935897883,12284102.11000014,79.4892007790973,6640897.281000034,81.05277825784523,81933,98.37858698948736,85.14329946073391,21073.70362390392,11392.635769663306,1.0461266504100002,0.0002588360144430496,,,2.9152922610121954,0.05220520720216239,9.398674207222922e-05,0.02836059475232093,0.000761856128829033,2425210748,6.417075592662691e-05,2001859464,2.6167629977841403e-06,,,,,,
surabaya,350382666.8267536,42045,106922,5.086074444048044,34720,2.756047092400999,8739229.31400002,81.73462256598286,4811340.3049999885,82.99850445927974,57969,119.99737424451168,99.09165974002724,24941.95672733185,13731.673283310418,1.05109389875,0.001692822805409551,,,2.7957743687316947,0.052911701077304224,0.00012097027980324998,0.033964403218772664,0.000572261709770937,5595745544,9.878581503306676e-05,391741824,3.572225853901583e-06,,,,,,
rome,1781679401.6494622,42436,88526,4.1722122725987365,35599,2.820011311150909,11216862.99000004,126.70698992386463,7225233.331999987,120.90821868201726,59758,23.81797755573373,19.98058683680284,6295.668558336349,4055.293744380124,1.0729082455299999,0.003264577638207984,,,2.289664043108021,0.04036036808643734,9.832007240715019e-05,0.06245685379439904,0.0005164641693629183,296361339,0.00011955486270410989,31409190,3.5497341344280905e-06,10 (13),254 (2),16%,-,8,8
dubai,5302663815.13784,45989,97127,4.223923112048533,42715,2.9237208897779903,15626156.728999855,160.88375764720269,10696504.031999946,158.43151939568904,67515,8.672810799114282,8.055385272220889,2946.8503517780828,2017.1944526190741,1.09455040061,0.008102793250074644,,,2.1612639254314114,0.04401939413483005,9.184837592522242e-05,0.12206293637504158,0.0007349685871434585,2098041105,0.00010956118274693167,2109525809,3.3048321167535634e-06,79 (66),80 (147),-20%,-,4,14
basra,22892009647.7064,25045,69784,5.572689159512877,22819,2.948412856857656,12226426.785999935,175.20386888111798,6692145.355000049,181.236163981044,36925,1.0940498621757884,0.9968106929522584,534.0914569824554,292.33542436806334,1.0447850885299999,0.00028659864725438496,,,2.948442137485888,0.042199425571061815,0.00022251593832903243,0.022837559060357858,8.444065858780132e-05,4653275041,0.00018881393517036147,2319300493,5.997066844738943e-06,,,,,,
toronto,712455601.8719305,27467,73263,5.334619725488769,24481,2.9915170932391604,11089804.455999987,151.36978360154498,6314138.334999952,152.89210942418399,41298,38.552577771628506,34.361439415561854,15565.607775224518,8862.500790800108,1.09494389761,0.010455482303481976,,,2.8126830985061604,0.028538714172661118,0.0001942263061781388,0.06700404121308871,0.0015529889800424484,21292205,0.000152085884271221,26658849,5.475281502623272e-06,,,,,,
taipei,311596519.4166975,11141,26582,4.771923525715825,9908,3.1038506417736293,3173757.4839999904,119.3949847265063,2119181.125000004,122.91520938460668,17241,35.754571395263746,31.79753104607067,10185.471551290755,6801.042351073333,1.0825866052700002,0.0009404860431871194,,,2.5566645723005013,0.04266035754203398,0.0004283593829188522,0.03685293702796597,0.00045305664495795333,2376922233,0.00039090525749679015,48075242,1.3782654418683033e-05,,,,,,
quito,5795796.942478023,169,400,4.733727810650888,124,2.680473372781065,65109.82399999991,162.77455999999975,34955.66000000002,159.6148858447489,219,29.159061588472966,21.394814419944662,11233.972591897234,6031.208537311961,1.09305041978,0.0,,,2.8244575936883627,0.02936930157986426,0.02817695125387428,0.03155818540433925,0.004100170114667935,1069893069,0.014918271610663576,1989239759,0.0009064842651660882,26 (29),173 (20),4%,-,7,8
yokohama,510173945.45633876,85254,235700,5.5293593262486205,73215,2.8829145846529194,16187784.659999985,68.67961247348317,8736765.93699999,71.14224707874949,122807,167.10771053535922,143.5098766843353,31729.932122504586,17125.072761575768,1.07117784513,0.0010606703436571911,,,2.9702446861875784,0.06613482153001106,6.485823755467256e-05,0.040133405275220684,0.00044846491122914025,742625867,4.084165143305762e-05,157941466,1.7618977526740715e-06,,,,,,
bandung,4479794.043765245,17,37,4.352941176470588,14,2.7058823529411766,30128.302999999996,814.2784594594592,15091.981000000002,794.3147894736842,19,3.794817313903027,3.1251436702730797,6725.376815465673,3368.9006352879705,1.19793796652,0.0,,,2.4901960784313726,0.011380420729780702,0.2720588235294117,0.0,0.0,3617479995,0.10331770809835383,4923584367,0.009606128950581985,,,,,,
taichung,2693573686.122614,33798,86098,5.09485768388662,27708,2.871826735309781,12870284.398999972,149.4841273781037,7557943.0099999085,155.81781280280197,48505,12.54764262590197,10.286705777812053,4778.1445390961935,2805.916559453598,1.08915376058,0.00047620153778252683,,,2.8212818312720125,0.04133036751160478,0.0001507488145068067,0.035412422262235815,0.0003395714662861459,2630165222,0.00014083643731521773,263007736,4.465281832308122e-06,,,,,,
fortaleza,374312653.41746414,35299,95215,5.3947703900960375,31910,3.1207682937193684,8343385.130999972,87.62679337289265,4866401.354000032,88.41893517206353,55038,94.30351786860822,85.24958937044362,22289.882681830542,13000.899941719636,1.02453306332,0.0007666859213359238,,,2.8870595956447564,0.04474121105351622,0.00015283501586763634,0.02357290574803864,0.000845229546669514,2777141764,0.0001219755548255448,1897549809,4.253265370410256e-06,,,,,,
kaohsiung,15400156377.051085,30201,81299,5.3838614615410085,26374,2.9800337737161025,11099280.249000162,136.5241915521736,6363373.02800002,141.42714646397346,44994,1.9610839825629796,1.7125800124537605,720.7251652028692,413.2018449814286,1.08027297737,0.0004182093260679713,,,2.910671043689754,0.17811209841033654,0.0001782735583292739,0.03059446155204613,0.0002042562144536729,2222785316,0.00018058335784004983,59944120,4.989799535209838e-06,,,,,,
managua,281319026.9651848,15167,41903,5.525548889035406,12843,2.9320234720116036,3961353.204999989,94.53626721237116,2113209.1299999976,95.08680390568745,22224,53.913879070387296,45.6527954704941,14081.355419625539,7511.788849822525,1.03839683135,0.0008591270314774599,,,3.030216918309549,0.0457036369944613,0.0003643379196252531,0.038188171688534236,0.0005319530374374151,458766082,0.000236678226792616,285726492,9.904232173421522e-06,,,,,,
chicago,868765383.1011676,28673,76251,5.318662156035295,26549,3.3687441146723396,10558417.97899994,138.46923947226844,6920106.383999975,144.40655211702543,47921,33.00430767354945,30.559458878563966,12153.359450523149,7965.449036767307,1.01652962308,0.0012458852998649195,,,2.832536997640052,0.028337310109050818,0.0001855002147054595,0.02287567696837757,0.0005109697486344012,261136269,0.00013689584260407546,26698351,5.258814211982466e-06,,,,,,
belo horizonte,381052179.86851513,29952,80369,5.366519764957265,27571,3.1333466880341883,8466112.220999995,105.34051961577221,4903116.742000021,105.12460586179589,46641,78.60340809580244,72.35492002568672,22217.724155052183,12867.310570672706,1.03655141536,0.0010949495452226604,,,2.855435601724636,0.03760296907834736,0.00017917664735593168,0.04581489112739029,0.0009204026876063439,28404508,0.00014851957812940257,73236574,5.0217658553385695e-06,18 (21),202 (11),12%,-,8,8
osaka,306068292.7188781,48966,135402,5.530449699791691,45525,3.1638279622595267,8579996.790999891,63.36683941891472,5099011.623999989,66.04338497804588,77207,159.98390282450777,148.741313893022,28032.948838906894,16659.71858340583,1.02673440656,0.000295416611276052,,,2.917535636972545,0.06992323419227857,0.00011294699683029284,0.025680306840703982,0.0004607894161154506,4758092971,9.193037921798377e-05,333700338,3.0721532437232542e-06,,,,,,
medellin,395956902.28189504,15847,39286,4.958162428219852,13524,2.9307755411118825,3941129.559000023,100.3189319095867,2307241.7399999998,99.58743698204417,23168,40.022032470387366,34.15523235498951,9953.430629160244,5827.002198227616,1.1067872890500001,0.0006363590082981215,,,2.707860583496354,0.04639377211120382,0.00031289678330296964,0.04265821681736414,0.00038044748731010125,360500787,0.00027944410163729114,339266762,9.50511576709189e-06,25 (26),138 (62),12%,-,6,10
douala,703785985.6501756,22471,60577,5.391571358640026,17873,2.7597347692581544,6274192.088000063,103.57383310497488,3212358.680000008,103.60776261893268,31005,31.928740353135492,25.39550426467851,8914.91478365231,4564.397054642041,1.04306190662,8.253957772752034e-05,,,3.033078189666813,0.038823205755580376,0.0002399453208117019,0.026312432320175518,0.00045152993869221564,1579537575,0.0001404466272497206,5813827930,6.675960130707305e-06,,,,,,
tashkent,502022839.0895751,14912,37602,5.04318669527897,12987,2.9454801502145918,5267839.773999988,140.09466980479732,3144955.8359999857,144.078973611874,21828,29.703827871742057,25.869340971721712,10493.227327173568,6264.567248978959,1.04564731745,0.000425509281421201,,,2.7435465844062756,0.03195538803473341,0.00033821921368653603,0.034793007868382964,0.00126154982040091,968823146,0.00026597857155475426,355226480,1.0080714599851223e-05,,,,,,
cali,476785031.7263813,21143,54637,5.168329943716597,19676,3.1471881946743605,5039799.981000002,92.241520965646,3011701.911999973,90.5257721001525,33269,44.344932397402964,41.26807406003408,10570.38213375007,6316.687210365986,1.06498846338,0.0006222889250873951,,,2.744246322660005,0.05132364280728364,0.00024445794833581657,0.029986283876460518,0.00013558298248994626,5420758475,0.00018020246609651346,369162494,7.110857264509754e-06,29 (27),125 (78),0%,-,5,12
baku,229801927.6225781,12316,28340,4.602143553101657,9227,2.6196005196492367,2839976.729000028,100.21089375441171,1689370.1400000008,104.98198732289343,16092,53.59398037873528,40.1519695481155,12358.367740345271,7351.418491034535,1.0624892165100002,0.0017642907551164433,,,2.6584862509472273,0.04629479542006222,0.00037370227796202716,0.0312790949442458,0.0004305490228947605,1430728373,0.00043403011294746265,276876570,1.222837916796132e-05,,,,,,
yaoundé,341903795.83066964,21163,51851,4.900155932523744,15344,2.531351887728583,5173180.557999985,99.77012127056344,2649636.3749999995,99.09628150946214,26738,61.89752865592966,44.87812123501322,15130.515136374914,7749.654748823705,1.06181065948,0.0003085764980424678,,,2.852438217644132,0.041877852375564434,0.00023155448126475821,0.028386019625446863,0.0005733650732037783,5814648820,0.00015666395971703268,2177328215,7.095619159070633e-06,,,,,,
paris,120379644.25539264,10684,20898,3.9120179707974536,10162,3.139835267690004,1930336.2970000044,92.36942755287608,1568416.3750000037,94.36353859575256,16621,88.75254671240972,84.41626541477983,16035.404564784065,13028.916846377402,1.0214200191299998,0.002153316106804479,,,1.998436915013104,0.1071973259820634,0.00036619095486259016,0.06568166015938437,0.0030160746574125308,1758970671,0.0005026368672400431,361136,1.4184725307678464e-05,16 (18),237 (5),7%,-,7,8
dar es salaam,2524314714.4229865,65097,162981,5.007327526614129,47574,2.5379971427254717,21888834.55999992,134.30298353795789,11090140.655000012,134.4226886014886,82502,25.787988965108102,18.846303009755488,8671.198735615386,4393.327262894406,1.09034429647,0.0008405887802872728,,,2.8601456288309786,0.05959695962559342,7.692219992951196e-05,0.039620873465751764,0.0010973300100163232,5690705696,6.008736480829328e-05,3648327808,2.3084538434751804e-06,,,,,,
phnom penh,850306949.8002781,26886,67505,5.021572565647549,19954,2.6376924793572862,7135316.59500002,105.70056432856856,3796164.8589999587,107.20903891665846,35409,31.619170002450343,23.46681984039627,8391.459809514645,4464.464108980423,1.0424987265,0.0005481075475890673,,,2.9049257358228497,0.04796876994226968,0.00018677971231713795,0.025077487663964133,0.0006809268701013559,6119680289,0.00017704090983034342,1633729079,5.5803467627478375e-06,,,,,,
chittagong,5844866687.727812,26167,59596,4.55505025413689,16875,2.3339702678946765,14219207.980999995,238.59332809248932,7277097.665999976,238.2964721330793,30538,4.476919902200954,2.887148826752821,2432.768571241392,1245.040828951557,1.14048790593,0.0012081347741459158,,,2.677158525733145,0.05143313426402549,0.00017408278889162026,0.023832817416338727,0.00026944073896234235,5316373077,0.0001608302473119826,1202226815,5.735456670378019e-06,,,,,,
nagoya,428720755.01580966,60715,181543,5.980169645063,59188,3.303417606851684,13433844.752000147,73.9981423244088,7621003.05500013,76.27181071668181,99919,141.618989259713,138.05723027759026,31334.719849298534,17776.146747826788,1.0234403923100002,0.0002974501908638725,,,3.0901313513960185,0.05171557946505678,9.84973753181018e-05,0.023205923067571133,0.0002186747327652319,658355712,5.5220492066210034e-05,241798584,2.4779535030472456e-06,,,,,,
guatemala city,282148156.01062566,17648,41605,4.714981867633727,14424,2.854714415231188,3808599.766000003,91.54187636101436,2323770.522999993,92.4515823751738,25135,62.5486987032989,51.122077861309116,13498.581099557396,8235.994010581024,1.0762502081899998,0.002283379401514241,,,2.6164088470837443,0.04668245140777103,0.00026718319644322653,0.038395285584769186,0.0009202244036630927,412172096,0.0002342216030426882,282540334,8.558775288404563e-06,,,,,,
ouagadougou,566669997.6156111,38872,119539,6.15039102696028,36805,3.1483844412430537,11104008.359000167,92.89025639331236,5718973.384000043,93.6017509942887,61099,68.59724383426422,64.94961821671369,19595.1936854302,10092.246648073631,1.02196876914,5.855829478245594e-05,,,3.2034935171842926,0.04495273345374807,0.00015822569594194636,0.02892398984701953,0.000925970580774762,1692532241,8.749270199732803e-05,304543720,3.861211580735198e-06,,,,,,
havana,831155872.0544534,22249,60878,5.472425726998965,19592,3.1296238033170027,7160089.240999998,117.61373962679451,4087132.579,117.39573686629326,34815,26.768745488141548,23.57199252117709,8614.616682309745,4917.408053554881,1.04124707497,0.0010348565984427873,,,2.966346053006172,0.038813592849919115,0.00024597382807438844,0.046809380410891895,0.0007634235994196113,1485714308,0.00019742865254408908,327553811,6.748960803028275e-06,,,,,,
houston,3750124088.585612,62914,157058,4.992783800108084,54952,3.0587945449343548,21918274.89899971,139.5552910326103,13468526.624999875,140.60619303886543,95789,16.776511527043493,14.653381782021393,5844.679904249875,3591.4882566138317,1.05150477937,0.006589922194348585,,,2.700593137722344,0.0324117203371743,7.936012906883029e-05,0.036831457000259034,0.0005005173891233709,1388461293,7.5726094968533e-05,151368912,2.409180442566748e-06,,,,,,
lanzhou,13358617680.672523,12686,28801,4.540595932524043,9457,2.6600977455462718,14338567.25500002,497.8496321308296,8361465.417999962,495.90566502579696,16861,0.9496491555675196,0.7079325291031084,1073.3571090776336,625.9229523498882,1.15022944117,0.0021874240477761193,,,2.611060749382496,0.02289395906479436,0.00035795001438895265,0.03664144200956388,0.0002916656832068291,4213664754,0.000444875150178232,4155876035,1.199114843588654e-05,,,,,,
rawalpindi,430025737.8797458,16565,40499,4.889707214005433,12637,2.6250528222155145,4098547.141999994,101.20119365910251,2243699.0449999943,103.42486609200677,21694,38.52095012190247,29.38661314159261,9530.934502218395,5217.592454029883,1.06717470201,0.0010864465789278748,,,2.787503773015444,0.046248203002806035,0.00029520087020068345,0.02952208471677189,0.0002649039921927932,5188947276,0.0002574549369050561,132937620,9.083693904789324e-06,,,,,,
dalian,23726037029.380547,14932,38024,5.092954728100724,12738,2.9181623359228506,23950891.463999894,629.8887929728565,13494800.62599996,619.2832190353797,21791,0.6293507837617099,0.5368785349287879,1009.4771172421634,568.7760079481038,1.11185515453,0.0015253524090048393,,,2.7781967139923487,0.018595860855001884,0.0003410993723193957,0.048881596571122905,0.000667408996348544,5021237303,0.00029122078557573616,2168390366,1.017180226220056e-05,,,,,,
medan,409704589.2535594,43728,106312,4.8624222466154405,31565,2.5327707647274056,7867953.3640000215,74.0081398525098,4136595.935999999,75.01171319769338,55146,106.73055940053787,77.04331566680338,19203.966883394303,10096.53307407774,1.0520219926999999,0.0012134095868763636,,,2.8230508293691337,0.06642235800284903,0.00011119953910887589,0.022367819246250267,0.00021255946921879982,687148892,8.868284108079978e-05,395389329,3.4392301879152123e-06,,,,,,
karaj,202987799.6355615,15017,34241,4.560298328560965,11652,2.6804954385030295,3271592.3009999595,95.54605008615285,1983230.9390000063,98.8009235789372,20073,73.97981566853325,57.402464684673994,16117.186879574454,9770.197728930718,1.04280340282,0.00035045705440845765,,,2.6333355530398994,0.04961623838935147,0.00030369594622807434,0.024534416550131898,0.0007628331377059522,5107718059,0.0003271644144167418,31006797,1.0025209906676726e-05,,,,,,
nagpur,10497624952.754965,39666,111083,5.600917662481723,34621,2.8971411284223265,18237961.28599967,164.1831899210471,9585677.388999946,166.80026082341385,57468,3.7785689790327455,3.2979840826675915,1737.3416718620106,913.1282011065094,1.0917372780799999,0.0007471890388268231,,,3.008335854383841,0.04734306847767522,0.00014120553794228058,0.042457856434560216,0.0002493376088218924,3206224126,0.00011292777764820464,5494587091,3.7832316518025537e-06,,,,,,
minsk,531303559.82770085,5542,13267,4.787802237459402,4884,2.9826777336701547,2585017.9640000104,194.8457046807877,1634617.422999999,199.19783365829872,8206,10.430948367440344,9.192484992165037,4865.4256426181655,3076.6167340006104,1.0566492140500001,0.0030903746137031732,,,2.593792854565148,0.02724331790141853,0.0008640682615880162,0.07726452544207786,0.0019958775011812984,275050716,0.0009469368168548157,275040705,2.7300576742842465e-05,,,,,,
sanaa,675032190.7820827,15643,42872,5.4813015406252,14551,3.0198171706194463,4828363.909999987,112.62278200223892,2761835.4329999904,117.10135395378376,23585,23.17370965949971,21.556009029941844,7152.790601594737,4091.412929211816,1.06448802358,0.0006764321701810039,,,2.877732319035171,0.03722194971658902,0.00035042203942113424,0.041392011640685435,0.0003797470814167751,5927870145,0.00023246850743425,2366005153,9.60114630220139e-06,,,,,,
jinan,15458212302.747038,16018,38512,4.808590335872143,13690,3.0211012610812835,17106790.819999978,444.193779081844,11087872.09300004,458.84014454790156,24165,1.036212964752301,0.8856134028879387,1106.6474237101777,717.2803604870691,1.0759601455,0.0015839218944744494,,,2.6286719107670606,0.023733279245704977,0.00030021791445795226,0.04204228576185128,0.00034020015333197003,3103962374,0.00037737147372787154,2169140219,9.577347977530596e-06,,,,,,
visakhapatnam,13272036702.32257,22017,55605,5.051096879683881,19072,2.607757641822228,10684914.23599993,192.15743612984318,5612564.30900004,195.55973202090732,28700,1.6589013799326735,1.4370062732468525,805.0696720971318,422.88643671531264,1.13950154467,0.0015106555165902346,,,2.734944209777381,0.07385488752827336,0.00022942845565420493,0.029201677491635342,0.0001265532510650389,3316943361,0.00020655404544358603,5988832959,6.823600118889334e-06,,,,,,
isfahan,365541488.4284536,76787,166732,4.342714261528643,50859,2.3968119603578733,8381431.183000012,50.268881696375104,4858870.229999993,52.969837565001185,91729,210.06370666740142,139.13331758497364,22928.809583376435,13292.253776416423,1.03951866732,0.00020392006333517262,,,2.6565102165733188,0.0853964310905065,5.655606831354998e-05,0.014998632581036075,0.0002570034949888811,3969870023,5.347787412271953e-05,317384841,1.9590455850340154e-06,,,,,,
jaipur,12727813604.647192,66019,174943,5.299777336827278,54775,2.7465426619609508,25306239.093000486,144.65419646971003,13469784.615999766,148.5927546470426,90649,5.1869867088480195,4.303567109122379,1988.262861090348,1058.2952449179224,1.07479162894,0.0004801563937968367,,,2.9073663137382484,0.04880945025740135,8.027776268328735e-05,0.03102137263514835,0.00021921161526488258,4813242968,5.534800479118191e-05,2831609166,2.2731779963983248e-06,,,,,,
tainan,2373855680.4357204,9085,23370,5.144744083654375,8196,3.1797468354430385,7657234.901999996,327.65232785622584,4769443.7929999735,330.56860223176966,14428,3.827107129921416,3.4526109011376915,3225.6530862880904,2009.154908745145,1.09098702837,0.0005990586221651692,,,2.7151128233351587,0.025310764552324925,0.0005663522769324893,0.056596168461880765,0.0006186447661929003,1546278674,0.0005373459969544628,59943474,1.6739029758269406e-05,,,,,,
bucharest,297533179.64741087,17034,41848,4.913467183280498,14849,2.901902078196548,4222230.400999972,100.89443703402719,2500480.708999991,101.46407681382857,24644,57.25075778165647,49.907038998462895,14190.788422331549,8404.039885444587,1.0410399851799998,0.0011709042248136113,,,2.6469149935423624,0.040370330319602916,0.0002884675150167316,0.0512958676484579,0.0010106895622392523,580927555,0.0002727746467080539,249657125,8.840791269042921e-06,,,,,,
ankara,37001128305.31169,78730,214212,5.44168677759431,70288,2.9746729328083323,38212729.90600038,178.38743817340008,21254973.060000025,181.44467070162133,117143,2.127772951958817,1.8996177473298783,1032.7449906578863,574.4412139169489,1.09187512596,0.000999010326218886,,,2.909692408654422,0.041668978951377535,6.911921626844155e-05,0.04461281171938164,0.000230940157829223,114308075,5.5585434300071875e-05,5294554760,1.907707341396516e-06,11 (10),128 (75),-5%,-,5,12
shiraz,333685512.6258568,39207,87237,4.450072691101079,27564,2.483995204937894,6286008.927000042,72.05668382681709,3671754.826999988,75.45890435479538,48659,117.496860116791,82.60472497919321,18838.123589885065,11003.63871990129,1.03536902654,0.00043559498836502863,,,2.665668545582719,0.061445519400651724,0.0001135048893307089,0.01596823696448772,0.00027677906482587373,1431859990,0.00013050869441019126,948815230,3.83146349739494e-06,,,,,,
curitiba,481330468.0835332,31780,85175,5.360289490245436,26551,2.957709251101321,9078502.748000184,106.58647194599571,5035677.199999996,107.1694304928917,46988,66.02532377918095,55.16168570361968,18861.267569757587,10461.995518484551,1.0291674125599999,0.0011270912826533608,,,2.9662958883993684,0.040880643352024,0.00016867395104465518,0.033300818124607424,0.0007245117113378672,370965131,0.00014186274208221683,266901836,4.727800322099942e-06,43 (32),104 (109),-20%,-,5,12
manila,52807885.46840091,5430,14877,5.479558011049724,4898,3.1626151012891346,1285333.539999999,86.39736102708873,752178.5330000003,88.21139122786448,8527,102.82555250672164,92.7512994802804,24339.803205510187,14243.67831296876,1.0252175504799999,0.0,,,2.9441221608348833,0.046480963522710576,0.001009312582621046,0.03629834254143656,0.001800593173619295,5877668579,0.0007210161440685206,26647647,2.7751905204229687e-05,,,,,,
izmir,19796864801.12821,80558,224489,5.573350877628541,71785,2.946200253233695,29713393.36100009,132.36013061219074,16211475.829999926,136.56484200860865,118709,4.069230194238082,3.626079216134719,1500.914092180229,818.8910715335109,1.12863647369,0.0007350026059183301,,,2.970491860937134,0.05193597098845812,6.918518412579679e-05,0.03942790701523783,0.00017748976589846072,5985416655,5.5837963301628834e-05,2511166784,1.864155894904337e-06,12 (11),154 (38),1%,-,6,10
vienna,442609000.07343537,16306,36647,4.494909849135287,14316,2.9882865202992765,4581418.13700002,125.01482077659891,3003031.344000007,123.60188277905857,24296,36.84064263784649,32.34457500327549,10350.937591056429,6784.840216764142,1.0447380819299998,0.0018828280623243376,,,2.4284159205200484,0.045182456993145687,0.0002756767770091785,0.04896123542020825,0.0011192851118013982,60215987,0.00030332737429629534,621033,9.248541408416651e-06,42 (40),109 (97),-11%,-,5,11
almaty,862980902.5477638,13872,35599,5.132497116493656,10740,2.7487745098039214,5944019.429000023,166.9715281047227,3211990.10199999,168.66152604494803,19044,16.07451562258902,12.445234846208624,6887.776324425714,3721.971242373136,1.06280444896,0.0008427203011320543,,,2.9170955882353025,0.030184068868489025,0.0003700163734766281,0.03071655132641257,0.0005571056157291713,1660118309,0.00033759748910761387,334644909,1.0832034743860887e-05,,,,,,
sapporo,1108443856.899211,53761,165850,6.169900113465152,51507,3.183497330778817,13410887.37300018,80.86154581248225,7057770.185999933,82.49781049899981,85551,48.501328836259134,46.46784740553933,12098.842254867232,6367.278001561142,1.06264408262,0.00042206813385589387,,,3.1841229908505952,0.05471539023663776,0.00011476748722969055,0.03439995890098972,0.00020805554980608416,1468891378,6.004336868060857e-05,335901090,2.7922980381319493e-06,,,,,,
maputo,721113364.7758234,19373,56503,5.8331698756000625,17476,3.0190471274454134,5029583.103,89.01444353397163,2639499.3249999983,90.41858471499037,29192,26.86540140054483,24.234747064260645,6974.746757832697,3660.311199225318,1.03372713255,0.00021237810381749642,,,3.0888022849672137,0.04811613203944928,0.00030111345630817347,0.030948571035289706,0.00038814074863806423,4783311893,0.00018882583881826007,4473235549,7.74787121529782e-06,,,,,,
budapest,600031825.5474433,23325,61651,5.286259378349411,21062,3.03935691318328,7880202.53000001,127.81954112666477,4444870.1910000015,125.8207657315934,35327,38.87293807910818,35.10147146075784,13132.974276506837,7407.724060210793,1.03220779843,0.00048661011175812235,,,2.811719899964356,0.03649565694204633,0.00022664463121026143,0.0522682590721175,0.000869424803084986,284226379,0.00018779627519163072,26672273,6.473068872170015e-06,30 (37),162 (30),11%,-,5,11
tabriz,177290438.61609426,19327,44575,4.612717959331505,14971,2.6751177109742845,3687103.4940000377,82.71684787436989,2206636.797000004,85.52855802325595,25800,109.01321103870016,84.44335812388782,20796.967522789608,12446.451225597493,1.0496833645399999,0.00020190689848569824,,,2.6600808885670024,0.0572959751246637,0.0002386793935285004,0.03280729894275726,0.0006396564695354097,4440037166,0.00024992209364907604,2042464456,7.774758053873461e-06,,,,,,
kuala lumpur,294792487.36366963,25582,59625,4.661480728637323,21322,2.7613556406848567,5909499.058999989,99.11109532914028,3692504.1569999736,105.12766646737198,35124,86.77968773485351,72.32884457362782,20046.30142324407,12525.774282859287,1.10245059324,0.003740041928721174,,,2.5387297057828047,0.04444516092657637,0.0001822243355864641,0.05282229692752634,0.0006030328946822409,5725167631,0.00018825497426042416,33579786,5.942434437751964e-06,,,,,,
bhopal,2024791662.8208559,51422,134176,5.2186223795262725,40146,2.648321729998833,10282608.136999834,76.6352263966718,5312104.652000018,77.94381248074214,68153,25.396193072210203,19.827225060809592,5078.353652777555,2623.5314721710256,1.0635047276799998,0.0010881230622466014,,,2.9472019109848318,0.08579877564766906,0.00010148815424678708,0.032678620045893295,9.000786973904369e-05,3719743973,9.224788135950705e-05,3692786090,2.91733997331459e-06,,,,,,
warsaw,594146509.8536515,19394,44276,4.5659482314117765,15455,2.72532742085181,5971729.751000063,134.8750960113845,3556667.024999985,135.00861771181238,26344,32.64178056819197,26.01210264418928,10050.938029529116,5986.178435813841,1.0455497895299999,0.001964947149697353,,,2.5696486885978724,0.05915001149664495,0.00023544310995780767,0.05862122305867878,0.0011297979841138055,31718360,0.0002801423761915537,32946682,7.794547884409287e-06,28 (31),173 (21),7%,-,5,13
patna,4422968513.334941,6521,17439,5.3485661708326955,5374,2.7302560956908453,5015794.012000003,287.6193595963073,2531803.621,284.85639300180014,8888,1.474349179818857,1.2150210845493847,1134.033397904085,572.4218052574394,1.08546386082,0.0003440564252537416,,,2.9380820937484087,0.030039481943331725,0.0008203322347903692,0.03292439809845134,0.00018529256561539617,3226256779,0.0006227683297221165,1777565596,2.303105158025987e-05,,,,,,
caloocan,112701099.9453156,8953,24856,5.552552217133921,7468,2.8418407237797387,1937252.0950000025,77.93901251206962,992130.3769999987,78.659349639261,12613,79.44021845699946,66.26377208051736,17189.291816495035,8803.200478800973,1.054597655,0.0013276472481493402,,,3.0379016344614063,0.056163229944106455,0.0006202582905644889,0.0417104136416096,0.004025418735293441,166043895,0.00031446129305329564,250545368,1.677797362168271e-05,,,,,,
pune,19473496236.09759,68760,166157,4.832955206515416,52206,2.553170447934846,42026603.03300226,252.9330875798326,22010029.027999893,250.55243298499522,87846,3.530953002293502,2.68087452643593,2158.1436904534107,1130.2556439351856,1.11310003192,0.002268938413669,,,2.7563314426994747,0.041493709169057584,7.028832889529876e-05,0.03375460539073071,0.00022615207107658705,763544512,6.586477388062307e-05,2376103754,2.1830480938394643e-06,,,,,,
barcelona,119284249.27617957,8801,16673,3.7888876264060896,8138,3.1605499375071013,1704175.7489999938,102.21170449229254,1382998.871999997,100.08676161528419,13818,73.78174447510659,68.22359238023151,14286.678747118613,11594.144913448978,1.06435594249,0.0007197265039285073,,,1.945966367458248,0.038549980929811725,0.0004305554120916024,0.044775214937696116,0.0008568397568046492,4541533775,0.0006493296540039098,21638865,1.753002185930233e-05,38 (39),147 (48),5%,-,7,9
oran,109736981.3991525,5766,16186,5.614290669441553,5395,3.132500867152272,1347625.5340000077,83.25871333251006,760520.5950000009,84.66220583324065,8983,52.5438181958642,49.163007139557294,12280.504865522164,6930.394706536684,1.0410139093700002,0.00043247250710490553,,,2.95110128338538,0.05195293782448302,0.0009738578784807688,0.043565730142213266,0.0006918626463971869,578534181,0.0006575423384862433,321694985,2.614380194531521e-05,,,,,,
montreal,616882129.8891046,19738,50083,5.074779612929375,18739,3.2498226770696115,6480040.089000038,129.38602098516537,4326796.61999997,134.59828967834164,32146,31.99638803534194,30.376953865349716,10504.502845892033,7013.976269304135,1.06552105807,0.011001737116386795,,,2.599758503056725,0.030312289526969294,0.00025712011009420725,0.05515394525426013,0.001093334155729046,110744815,0.00019978710774604417,31243662,7.672437255241928e-06,,,,,,
davao city,2362947040.061048,19538,52523,5.3764970826082505,16039,2.748131845634149,7015985.2299999185,133.57929345239071,3576529.650000003,132.9861549044398,26894,8.268488319355319,6.787710316006754,2969.1673622184344,1513.5885778919535,1.11661811563,0.002874930982617139,,,2.931819189954724,0.05019818825600896,0.00027519563303521946,0.0477530965298406,0.0004812908475826443,973612688,0.00020219677680646984,325063339,7.682013665732637e-06,,,,,,
novosibirsk,619023501.4874835,7102,18408,5.1838918614474805,5599,2.7882286679808503,3553749.6509999917,193.05463119295916,1902184.501,193.01719949264336,9855,11.472908513060064,9.04489084266732,5740.896173506341,3072.8792952596195,1.05295740333,0.000434593654932638,,,2.9428752464094647,0.026430253152281917,0.0007300227941765883,0.04387965831221246,0.0012138752021842625,279528170,0.0005797308482676063,314960454,2.1168701382594986e-05,,,,,,
hamburg,2447816434.674702,21225,51463,4.849281507656066,18160,2.8432508833922263,7556560.523999995,146.83482354312798,4327147.827999987,141.00455643899852,30688,8.670993338935014,7.418856962782559,3087.0617653174672,1767.7583035653709,1.07769920419,0.02386180362590599,,,2.601215547703209,0.043745011055689724,0.00022848103598082885,0.06922070783554721,0.000971116874252326,20834531,0.0001891510723483887,131118,7.100906726626545e-06,35 (36),139 (60),-3%,"€1,212 ",5,12
kathmandu,523396802.3162547,15082,37430,4.9635326879724175,10905,2.5108738894045883,4429961.054000027,118.35322078546687,2236286.4600000097,118.2532103008836,18911,28.815613571301352,20.835052777817353,8463.867250230709,4272.640662119993,1.16265093918,0.0009885118888592038,,,2.8466582681342114,0.059208072114405125,0.0003291249047126393,0.027069796225080343,0.00024935751651699293,3478112385,0.0002353338188075787,1273357431,9.95243237587485e-06,,,,,,
philadelphia,495689292.4883155,24810,61690,4.972994760177348,23656,3.3214026602176543,6839962.122999959,110.87635148322191,4566199.176999963,110.97553047683769,41146,50.05151488234906,47.7234436137384,13798.890205321899,9211.817253663186,1.0331574488700002,0.0033554871129842768,,,2.591750638183525,0.03315974139100072,0.00020045123786441223,0.0377844954991274,0.001045947774501689,110250592,0.00019788823852057155,109758248,6.06975275482659e-06,,,,,,
recife,289871156.01726466,18046,47136,5.223983154161587,15886,2.9378809708522664,4153571.3509999886,88.11887625169697,2381695.492000001,90.15085703470987,26419,62.25524556477495,54.803659040342176,14329.026068232204,8216.393534022916,1.0411537457,0.0012729124236252544,,,2.813973549078344,0.04901528923078197,0.00028949754248611386,0.036299826369648236,0.0007028360398035867,2372812651,0.00022530617565979385,1415650435,8.336665598178203e-06,,,,,,
guadalajara,166446270.67733896,19825,50323,5.07672131147541,18461,3.3316015132408574,4343281.470000026,86.30807920831482,2910636.816000008,88.54725490554009,32871,119.10750489827043,110.912668243479,26094.19515574252,17486.94521154135,1.0166224475799999,0.0016294736005405086,,,2.6854300126103694,0.04225320366168681,0.0002560896545336895,0.02109962168978549,0.0009144904300604274,1612663405,0.00032506883683867553,130154244,7.618135590932202e-06,32 (38),181 (18),9%,-,6,10
kampala,214326261.17942777,13880,31895,4.595821325648415,9372,2.39178674351585,3534762.2320000273,110.82496416366287,1820034.9629999972,110.37204141904171,16490,64.76107931720072,43.72772589054792,16492.43640302588,8491.889668510179,1.06091204741,0.0006897632857814705,,,2.7492110951008426,0.03670582991660715,0.000331134903497966,0.018136407300672584,0.0006063680384310572,1732627222,0.00034908584702124314,2208581838,1.0836350819238916e-05,,,,,,
harare,1088896810.069758,28835,78719,5.459961851916074,24752,2.795907750997052,11358993.342999948,144.29798832556241,5923347.013999984,146.1147787069238,40539,26.48092981202943,22.731263211630047,10431.652694686703,5439.768910352962,1.1109404322,0.007774489005195695,,,2.8870146234321656,0.03333796106627086,0.00018935846056451717,0.05233570313854508,0.0009487877759161582,2643741373,0.00012225741688544808,4072198784,5.202471520803817e-06,,,,,,
kharkiv,411438166.4722071,8076,21751,5.3865775136206056,6796,2.8961119366022783,3660551.515000012,168.2934814491293,1948572.9590000084,167.36004114060023,11643,19.62870889992054,16.517670342231302,8896.966332478745,4736.0043811872165,1.04543094374,0.0007355983632936418,,,2.9570538220240845,0.028007900405118445,0.0006670684227394655,0.04777942876011197,0.002630920797679981,384741847,0.00042636120642655114,393928203,1.8614079437491665e-05,,,,,,
kawasaki,275106632.45683724,24424,67655,5.5400425810678025,21170,2.9191778578447427,4735629.399999957,69.9967393392943,2540858.531999994,71.57146367707935,35501,88.78012057318172,76.95197971398039,17213.795820582225,9235.9043084817,1.05141760059,0.0007686054245805928,,,2.984885085708122,0.0615458331840084,0.00022683710359364096,0.03486597881864921,0.0004959066916534037,1642762192,0.0001238318390310562,36600124,6.15948488284488e-06,,,,,,
yekaterinburg,504970409.22989535,4707,11542,4.9041852560017,3807,2.8079456129169316,2418677.2500000102,209.5544316409644,1391264.9819999982,211.7280447420481,6571,9.32133826847083,7.539055616755568,4789.7405586371115,2755.141601508385,1.0538660653299998,0.0018194420377750824,,,2.7638269244387828,0.025804092641246664,0.001042113314067507,0.045010976559733976,0.001042538866644431,4237863943,0.0010069637871494978,175336144,3.206821281825283e-05,,,,,,
barranquilla,154940488.42956656,10512,30617,5.825152207001523,9749,3.2634132420091326,2770475.4349999875,90.48814171865264,1584131.617000003,92.66637127815169,17095,67.84540378403793,62.92093240968282,17880.900357813192,10224.129490337342,1.0170810345999999,0.00029395433909266093,,,3.0936707255200044,0.04501079671579095,0.0005541958145753505,0.02318937087772717,0.0004785955512780709,672575679,0.0003594795028480968,619319823,1.432019072896498e-05,,,,,,
porto alegre,605938332.0870541,17752,43504,4.901306894997747,15085,2.939556106354213,5142951.3930000365,118.2178970439508,3053859.009999977,117.07337588652392,26085,29.296710671622602,24.89527267245533,8487.582185609537,5039.884173495784,1.0415802805,0.0008275101140125046,,,2.701686194982769,0.03748197454667489,0.0002761144101739891,0.03952981823644335,0.0006490645640479919,297234267,0.00021535180833384373,293815452,8.479712753628763e-06,48 (45),113 (93),-14%,-,5,12
munich,365323633.59333634,14501,37279,5.141576443003932,13069,2.9671746776084413,4647838.843000013,124.67713305077963,2738432.2189999977,127.32156495257568,21508,39.69357212772589,35.77376002601542,12722.524401949318,7495.907647870136,1.04785978185,0.004265135867378417,,,2.736231984001085,0.06582657119968056,0.000354591478827899,0.05522147897846205,0.0011368008862886409,21093139,0.0002568663088074007,146607,1.041335944266063e-05,,,,,,
milan,210968006.2045352,13397,26445,3.947898783309696,12467,3.0763603791893708,2581030.472999983,97.59994225751495,1942465.045999995,94.80989096056204,20488,63.502519841854614,59.09426848312321,12234.226977988565,9207.391589588991,1.0420416599200002,0.0015882019285309132,,,2.0578699211266183,0.051630870375625665,0.00029470728451102765,0.09611817855454408,0.001068745535510291,21227095,0.0003984744767070612,14461110,1.1358838068590786e-05,27 (30),226 (7),6%,-,8,8
semarang,410659944.9728447,42790,113204,5.291142790371582,34973,2.7285113344239313,8051275.706000023,71.12183055369087,4241162.008,72.6052317595097,58414,104.19813406157628,85.162919900339,19605.700055632213,10327.67393050825,1.06750426075,0.0017667220239567507,,,2.9087921632777465,0.060494514075957184,0.00012365661245577008,0.038385915712392346,0.00040261553833000584,5577194778,0.00010076175286056276,79417781,3.5079644077297243e-06,,,,,,
kobe,729182049.582715,36329,104247,5.739051446502794,32886,3.0404910677420243,9938852.31200011,95.33945640642042,5501524.994000001,99.76290200558519,55146,49.821577507002246,45.09984854786193,13630.138478707428,7544.789394018034,1.0910588271700001,0.0014101125212236324,,,3.0140700267002702,0.05166935699542495,0.00015797873393816434,0.04965153117868355,0.000613539299287199,1162858619,0.00010468637247309926,291541919,4.141114519501109e-06,,,,,,
kyoto,1029274037.2683665,45902,122004,5.3158468040608255,39779,2.8544943575443336,8723537.04100011,71.50205764565186,4722826.316999987,72.21226135286362,65402,44.59648095449998,38.64762790050661,8475.427072999793,4588.502328820121,1.09448518325,0.0007294842792039606,,,2.838258318446348,0.08177121947529307,0.00011581113274358538,0.03858219685416542,0.0002897696856074948,1715352346,0.00010744462054362316,302505462,3.2719453916990745e-06,,,,,,
sofia,191897093.5250683,7667,18319,4.77866179731316,6663,2.978087909221338,2224270.039000007,121.4187476936518,1394197.451000001,122.90174991184776,11344,39.953705703199866,34.721734850713545,11590.95220329349,7265.339069962888,1.0450613818799999,0.0008188219880997871,,,2.5886591887309303,0.033429192334110784,0.0006233579177294081,0.042070634610089294,0.0016180835284338349,246479106,0.0004911142684464546,93528838,1.983482913453445e-05,,,,,,
montevideo,655018348.9912058,16959,46910,5.532165811663424,15673,3.2354502034318062,6119046.345000021,130.44225847367343,3470762.7199999965,126.5500882374388,27426,25.890877753453122,23.92757397428332,9341.79379008843,5298.7259446171565,1.0198161519,0.0005116179918993819,,,2.931875896770674,0.0369895729460042,0.00032622749213720225,0.043100025551821824,0.0008110874281371837,917617690,0.00023417957073072515,917605455,8.855181170578232e-06,,,,,,
phoenix,1830386198.3832397,48692,125293,5.14634847613571,39613,2.800562720775486,17292677.02300029,138.01790222119584,9494916.653000053,139.81000181114152,67913,26.60203624951341,21.641880841862626,9447.5564983361,5187.384313423479,1.0758092817799998,0.004357785351136935,,,2.851666255921497,0.04293263622384473,0.00010569403947614968,0.047796450380036465,0.0008504266260280124,41623349,8.311366199737752e-05,41231518,3.0994076862551603e-06,,,,,,
prague,556741208.3684127,20697,48092,4.64724356186887,17030,2.8062521138329233,5757183.645000053,119.71187817100665,3555350.1410000236,122.45471312943528,29034,37.1752614839751,30.58871832014764,10340.86135257002,6386.001408840102,1.06646955477,0.003243782749729685,,,2.58020727641688,0.04040374330072777,0.0002245479107977577,0.060205412792744085,0.0009352886221120297,29745832,0.00024605291565033964,6935883,7.279292986190517e-06,46 (46),143 (51),-4%,-,5,11
san antonio,1945408593.5509079,38687,99408,5.139090650606146,32699,2.918189572724688,15770210.84899995,158.64126477748218,9177640.075000064,163.27996148235238,56208,19.886310838889397,16.80829421048012,8106.374620364433,4717.589973347622,1.05973349112,0.002203042008691453,,,2.8080578316574365,0.032078857506940006,0.0001328410962778883,0.05153152221676288,0.001139863322408935,4620708502,0.00011121618199165664,149465111,3.910143107787168e-06,,,,,,
,1038244.0460521558,183,468,5.114754098360656,159,2.9836065573770494,27972.01399999997,59.769260683760635,14458.931000000002,59.25791393442624,244,176.2591374309765,153.14318498101238,26941.656064738763,13926.33172805468,1.0426028966299998,0.0,,,2.867941712204007,0.060409054387007825,0.028103044496487067,0.03187613843351548,0.002796508647542871,456156677,0.01115153955811357,4380549648,0.0009383795362528508,,,,,,
san diego,1643379362.8164089,30709,75278,4.90266697059494,23467,2.7557393597968023,10997139.896999996,146.08703601317777,6572696.184000006,155.872985604857,42167,18.686494850082077,14.279721731312524,6691.784104038641,3999.500257040942,1.07747033505,0.003772682589866894,,,2.8056302712559766,0.0332479248754635,0.00015965438877799776,0.040007815298446714,0.0007327221816678995,49295475,0.00014934234642201332,48948364,4.921679800073042e-06,,,,,,
nizhny novgorod,368674287.71974015,4654,11933,5.128061882251826,3802,2.813064030941126,2243124.8590000086,187.97660764267232,1215308.9710000064,186.5974160908961,6513,12.623608846673601,10.312625877750973,6084.299702248813,3296.4299694365004,1.05877573933,0.0005028073409871786,,,2.8697786850021583,0.026891846092949298,0.0011020979759836355,0.05673972210285096,0.0019153284134339227,304927622,0.0008571398395993973,426956720,3.231701369373789e-05,39 (41),180 (19),2%,-,5,12
luanda,3224155796.104645,133066,388745,5.84288999443885,120239,2.9888701847203643,35361119.68500015,90.96224950803264,18237289.50899975,91.68244959732027,198918,41.27157879925264,37.29317303626274,10967.559237591027,5656.454173533935,1.03275203553,0.000475890365149391,,,3.09163139952681,0.048084304447349464,4.391004392159156e-05,0.041537890613534335,0.00012956915178993352,644640556,2.657127472388365e-05,2356031467,1.1278318367761144e-06,,,,,,
rosario,191728549.24542263,12966,29778,4.5932438685793615,12496,3.4511800092549745,3152601.803000012,105.87016599503029,2345286.9129999983,104.99560876572494,22337,67.62686126312278,65.17547881721289,16443.04833791088,12232.330147128521,1.01374854912,0.00010074551682450131,,,2.3700280220062533,0.03220187985737378,0.000354280282960255,0.02538176770013876,0.0006717005042725441,549286406,0.0003385356427355586,258017954,1.161832711784039e-05,,,,,,
auckland,10754679946.167742,36718,83653,4.556511792581294,28711,2.637643662508851,16734258.577999767,200.04373516789317,8960109.768000143,182.04205136123818,49220,3.414141581506,2.669628491383484,1555.9978225072846,833.1358825041498,1.10531974313,0.020250319773349432,,,2.5616291737022503,0.04533861066719943,0.0001240981505182919,0.0840804691613625,0.0003523095492812884,354096404,0.00012393343694179303,316392510,4.093759412461633e-06,36 (34),150 (42),-6%,-,5,11
qom,150842110.09806213,14431,34399,4.7673757882336645,12279,2.8095073106506825,3041557.796000001,88.41994813802731,1842968.2980000037,91.08274676287455,20234,95.66957125313641,81.40299808864678,20163.8507577406,12217.86341229179,1.0330667092499999,0.000930259600569784,,,2.6144261196960197,0.04983343162619377,0.00033037947250411,0.031744161873743564,0.000435103768115462,2646500360,0.0002521206464941788,1191366502,1.0430065179227143e-05,,,,,,
ahvaz,571899630.4767307,15828,40108,5.067980793530452,13587,2.9255117513267628,4156583.2420000224,103.63476717861828,2493827.434999978,107.8878405797092,23115,27.676185044578382,23.757665289403995,7268.029249354698,4360.603333352646,1.0312040939700002,0.0006482497257405006,,,2.813966809872795,0.04102964917300071,0.0003202110819188921,0.024756609745237333,0.00017906077576989712,4112337872,0.00029014664681127,1673278483,9.491337705285317e-06,,,,,,
omsk,1277204964.163832,7871,20651,5.247363740312539,6259,2.8037098208613904,3902548.1429999964,188.97623083627892,2057044.0929999969,187.08904893133214,10995,6.16267570268413,4.9005446859484145,3055.5378756728674,1610.5826008488114,1.04766334358,0.0005810856617112973,,,2.9598716808537566,0.028038420670779586,0.0006667552401922629,0.03543810612798045,0.0011568967822081476,2371481228,0.0005365204402514399,454389461,1.9084703335354268e-05,,,,,,
mandalay,45845619947.293236,32891,90991,5.5328813353196935,27382,2.8236295643185065,20107269.37300016,220.98085934872847,10464850.605000107,225.6425590797384,46378,0.7174294957252925,0.5972653446824346,438.58648647606094,228.26282242515427,1.078764041,0.00032970293765317453,,,3.0602935960190694,0.054078400524632385,0.00016822381682336248,0.02502001560710657,7.479491361605862e-05,3700808295,0.0001360363452083511,2247003608,4.5645622000197735e-06,,,,,,
dallas,1754095872.7796016,36297,92815,5.114196765572912,32912,3.1395432129377085,13453608.515999895,144.95080015083656,8264625.775999888,146.07231969458434,56579,20.692711591916872,18.7629424997429,7669.825078991171,4711.615769840147,1.04662894279,0.0023918547648548194,,,2.7241613172805392,0.032303714300469244,0.00014090248968403777,0.047229798605943625,0.0005866002268024702,82013342,0.00012377720504461477,81541643,4.174682601547431e-06,,,,,,
rostov-on-don,331743277.41901124,7827,20553,5.251820620927559,6797,2.989523444487032,3025575.896000014,147.20848031917552,1709381.6939999997,146.57706173898129,11662,23.593545168103102,20.488734701366653,9120.23272796734,5152.724441921246,1.0358971749099999,0.00029192818566632606,,,2.865359226608734,0.030684959712872505,0.0006710734246009672,0.03765171841062991,0.000792083634201467,1837676997,0.000555139473820534,906562378,1.91890006807204e-05,33 (35),237 (4),1%,-,7,8
monterrey,327359986.49772286,25706,68877,5.35882673305843,23424,3.0833657511864936,6318347.648000067,91.73378120417654,3694616.916999977,93.39746491228011,39558,78.52517430433976,71.55425515073736,19300.91614310357,11286.098085862664,1.05151753467,0.0011034162347372852,,,2.834690344666648,0.049902700888188184,0.00020847409971053984,0.03460235335089516,0.00016282743643725834,4751771382,0.00023839455781440278,293537866,5.8632655547594925e-06,49 (49),144 (50),-3%,-,4,13
campinas,1016231729.4898669,28342,73751,5.2043610189824285,25314,3.00885611460024,8329345.452000034,112.93874594242835,4840115.664000009,113.62307300812266,42598,27.889308292142445,24.909672927362003,8196.305242487599,4762.8070680588535,1.0512063777,0.0018982793453648087,,,2.7828405428927767,0.05537374823320562,0.0001836336409788436,0.05834333027544274,0.0006350277003440372,1593747120,0.00014111080779083334,245978977,5.316676644843541e-06,,,,,,
fez,99853871.53291708,11894,33201,5.5828148646376325,11197,3.0562468471498234,2400893.5939999917,72.31389397909676,1330905.757999987,73.34834709286234,18145,119.11405954929964,112.13385948995358,24044.07117262881,13328.534362949069,1.05080085722,0.000843348091924942,,,2.916892270612585,0.06230872703205832,0.0004694202358225336,0.04593472499139182,0.0014768149084842615,3364810552,0.00033043615844214724,1585234464,1.2619533124195666e-05,,,,,,
calgary,980536304.0590783,32508,76800,4.724990771502401,28151,2.9636089577950044,10734749.508000147,139.77538421875192,6804793.048000001,140.13453835540273,48559,33.15328546778759,28.70979879425645,10947.834836468604,6939.8685391153085,1.1629784224600002,0.013919270833333334,,,2.5050756736803157,0.03707432740780157,0.00014535302462553339,0.09689409786309668,0.001592540865920726,1454594435,0.00016116202935623978,29023368,4.647588304371103e-06,,,,,,
tbilisi,570711221.1082742,11264,26983,4.791015625,8838,2.7130681818181817,3901040.5439999723,144.57401119223113,2174885.873000003,142.45666293312394,15267,19.736776820554248,15.485940477633033,6835.401863002575,3810.834258307648,1.08502826858,0.0010747507690027054,,,2.675154516707228,0.03720812564588249,0.0004253765093669082,0.04106297348484795,0.0004233707395041792,1594679260,0.0004103715310463503,220806817,1.334680031950415e-05,,,,,,
yerevan,266897996.45452455,9183,22609,4.924098878362192,7044,2.6706958510290755,3169744.978999985,140.19837140076893,1721208.3090000032,140.71356352191003,12232,34.40640290293317,26.392105199636422,11876.241189918645,6448.936791825155,1.09570668192,0.0018134371268079086,,,2.8098878362190787,0.03447271660970643,0.0005362773772993267,0.03417339493785093,0.0008804676653458472,287884966,0.00047535804315757755,1360564994,1.6363084890751213e-05,,,,,,
tokyo,856995219135.2845,274796,744539,5.418848891541362,242800,2.9582926971280514,49064759.65999771,65.899515888352,27295829.65599978,67.19271169184057,406232,0.32065056357872274,0.2833154661527601,57.252080950351704,31.850620687874443,1.05571967004,0.0006205181998525263,,,2.900338324569391,0.06638470409135833,1.9719605129500642e-05,0.03182313945097473,0.0001292246911819551,2451968314,1.1661780050804465e-05,271664600,5.465694282608449e-07,,,,,,
astana,820280708.6107285,5394,13306,4.933629959213942,4621,2.9328883945124216,2598360.7860000026,195.27737757402699,1618386.2870000112,204.70355261826603,7906,6.575797703612423,5.633437372709122,3167.648292498218,1972.9664126089194,1.0504306102299998,0.0011273109875244252,,,2.6984210851563537,0.0252796863345548,0.000914821056779852,0.060165616116672725,0.0007686570311563148,315445403,0.0010979750610870971,259996999,2.7963459871886827e-05,,,,,,
bulawayo,563611544.8006588,10787,31862,5.907481227403356,10191,3.040975247983684,4613064.313999999,144.78263492561672,2388304.342000011,145.3093418106602,16436,19.139068565061432,18.081602646383708,8184.829350207108,4237.5007468037575,1.07465274408,0.003766241918272551,,,3.026341893019308,0.029982524503696286,0.0005476989827001751,0.06370322301535876,0.00172804149384925,297016802,0.00029897174009780025,297031300,1.391407266242391e-05,,,,,,
melbourne,51593188.29725476,3560,7124,4.002247191011237,3354,3.224719101123596,589384.0499999989,82.73217995508124,463495.558000001,82.28218675661299,5633,69.0013569134169,65.00858176617986,11423.679548630636,8983.657984646457,1.03709908441,0.0011229646266142617,,,2.0792602996254668,0.0599255727460763,0.001124542621807061,0.057834403424291185,0.0013193986583127494,29897221,0.0015549139273357436,26033782,4.324175370376468e-05,17 (15),118 (87),-13%,-,6,11
cologne,458884074.508432,16183,35757,4.4190817524562815,13166,2.7433726750293523,4289429.1579999635,119.96054361383686,2661435.5479999892,119.62045700930328,22249,35.26598742250018,28.691342174172732,9347.522383719477,5799.799330257831,1.05388953963,0.006460273512878597,,,2.461873571031328,0.04304240085649903,0.00027308625339614025,0.06590043049290571,0.0007285388131618111,242847938,0.00031673895905841065,160165,9.33733879763354e-06,66 (61),99 (116),-7%,€867,4,13
islamabad,1363358306.5388858,19825,47782,4.820378310214376,15865,2.730441361916772,6513181.983999963,136.31036758611953,3823716.2109999782,141.54048532296792,27015,14.541298428238642,11.636706157074707,4777.307588740021,2804.6304428269664,1.06243150999,0.001653342262776778,,,2.7043018074822034,0.03747807599603633,0.0002431587121779153,0.02800840689365259,0.0002980403186698685,2500266863,0.00022386429393637548,107486318,7.620513256168167e-06,,,,,,
birmingham,303906051.58313304,25560,56911,4.453129890453834,17956,2.460798122065728,4992491.21999991,87.72453866563423,2749991.3770000013,86.99200863596106,31612,84.10493922990572,59.084048858066794,16427.745331139686,9048.820721649057,1.05706955728,0.011034773593857076,,,2.619900886802285,0.08407336071915851,0.00017422942566042274,0.03614241001565061,0.0003698718321572478,17809559,0.0002171168465230223,205704,5.882466398838808e-06,51 (52),134 (68),-4%,£994,5,12
tripoli,1002951914.5775973,48445,123165,5.0847352667974,38198,2.6618639694498922,13465918.351000026,109.33234564202513,7126292.834999883,110.62580078549291,64418,48.302415395859796,38.08557463703278,13426.28510427773,7105.318541618408,1.07484949184,0.0016400763203832257,,,2.8319176385589313,0.040141142319171964,0.00010496109459983597,0.03773488836136979,0.0010248153362918436,6165684180,7.631522387087887e-05,277327523,3.101233588839328e-06,,,,,,
belgrade,3788191221.543264,33606,76762,4.5683508897220735,23209,2.468398500267809,13178489.72800006,171.67986409942498,7041141.708999977,169.7355955210563,41483,8.871252277045642,6.126670656964599,3478.8343452818885,1858.7081003084893,1.07658438613,0.001146400562778458,,,2.7043766986052686,0.033357062895682306,0.0001359425945460663,0.0316877938463377,0.0002899564220783477,356056588,0.00013814445629859655,2875739251,4.474302569244647e-06,,,,,,
hiroshima,1146003393.5401714,35412,99330,5.6099627245001695,30753,2.9262396927595167,10058033.64099984,101.25877017013832,5336471.337999954,103.11224906287347,51754,30.900432057715967,26.83499907011576,8776.617676435591,4656.592963058178,1.11840285472,0.0011577569717104602,,,3.0054129485294703,0.050866648412540814,0.00015842429540259136,0.04406362115613067,0.0004974161893638876,1268376421,9.894720541930366e-05,257318762,4.246256007557308e-06,,,,,,
dakar,841130633.3413706,66469,198350,5.968195700251245,62386,3.0500834975702964,12268321.562000126,61.85188586841505,6382149.279999993,62.96330298037738,101363,79.02339703876143,74.16921644165205,14585.512732147827,7587.583934075806,1.03019671331,0.00017645576002016638,,,3.111111445436155,0.06932120437001958,8.97905112271535e-05,0.032502369525642096,0.00033509755728013363,1758343419,5.352942634663794e-05,4254567879,2.257361958407746e-06,,,,,,
kinshasa,8820473758.304243,56678,164182,5.793500123504711,47930,2.9279967535904583,18675837.74499956,113.75082375046934,9450301.8469999,113.88650092793324,82980,6.425731945139472,5.433948483195153,2117.328190837454,1071.405244882985,1.04633126701,0.00023145046351000717,,,3.1711098956681365,0.044816066754073215,0.00010221959742948028,0.02804615547478647,4.0511426964070896e-05,435300543,7.10041734397812e-05,1212974935,2.6467853695656524e-06,,,,,,
abu dhabi,86997200997.88371,76794,178065,4.637471677474803,70943,2.9580305753053624,45719341.46100085,256.7564735405658,27891039.70399971,244.8644446551456,113904,0.8827180543643937,0.8154630170426489,525.5265794368835,320.5969776507888,1.06796965958,0.004526436975261843,,,2.4050444479170707,0.04320348967311382,6.038925002894509e-05,0.10504416887725218,0.00010965819141615659,2523503236,5.922039933500229e-05,6042620205,1.9678215459095657e-06,180 (179),50 (200),-5%,-,3,21
sydney,5639817723.521039,106192,249924,4.707021244538195,84504,2.674146828386319,36084893.376000494,144.3834660776896,19811440.036000174,139.21522357140975,142308,18.82897731909365,14.98346296682132,6398.237522022619,3512.78020092315,1.0759429866299999,0.003409036347049503,,,2.649606216413164,0.0439152950166972,4.432599038086724e-05,0.053337261528080174,0.0002518947824238094,1872212041,4.5992271869957756e-05,32873405,1.4143768638263331e-06,13 (12),138 (63),-1%,-,6,10
córdoba,181830503454.29474,143978,418456,5.812776952034339,131994,3.1819305727263885,149763483.23900348,357.8954137089765,77493287.41899762,338.1608887157833,229161,0.7918253387897075,0.7259178052772552,823.643340330124,426.18419872811097,1.06008571879,0.0008770336666220582,,,3.0772062894523216,0.03876959548175416,4.037295506949408e-05,0.037240279434224234,0.0001780813321659601,1541649617,2.3688728267838986e-05,1863170032,1.0429161670107297e-06,,,,,,
tunis,200605172206.14404,215264,584258,5.428292701055448,187644,2.874804890738814,114854826.30500062,196.5823768010034,59866445.2949993,193.3633240150362,309606,1.0730730301349976,0.9353896409369494,572.5416999067927,298.42922112436804,1.08533944882,0.0007325530844250314,,,2.922619740751069,0.0563260122781846,2.521702615438625e-05,0.04369367934478405,3.4591188126638685e-05,297755860,1.8090526967917346e-05,6071938495,6.973664705861086e-07,,,,,,
brazzaville,485330075679.2922,80830,231485,5.727700111344798,69155,2.898453544476061,57930117.64800057,250.254304373936,29131650.079000104,248.70362216777454,117134,0.16654644756327186,0.14249065422786172,119.36230732644928,60.02440717943554,1.12199733054,0.0001857571764909173,,,3.1224666996580512,0.043212927818369794,7.086194449197025e-05,0.026818130939124787,3.71919049463278e-05,619519444,5.1510761690039444e-05,3225759923,1.8560241655797718e-06,,,,,,
kano,27066660659.7128,124885,372566,5.966545221603877,114903,3.018032589982784,62256273.75000186,167.1013290262715,31478136.35999963,167.18611635737685,188282,4.613978856500917,4.245185671205708,2300.1091465511604,1162.985591601001,1.05686780964,0.00016641346768089411,,,3.140371541817847,0.05178382475754184,4.777669854908101e-05,0.05144573007166025,0.000449319753838435,2752625301,3.1133514560393983e-05,4087235088,1.2013337601001954e-06,,,,,,
saitama,4166768066.516003,296875,851390,5.73568,259463,2.921842526315789,72716539.23899846,85.40920052972017,37551006.75900067,86.60487271154932,433590,71.24826610477236,62.26960460915385,17451.544717198427,9012.02230591119,1.0585033627,0.0004780417904837972,,,3.0671126456159814,0.05671759597516503,1.932025034190715e-05,0.035376280701756815,0.00022925286738485767,1516692128,1.160815343101592e-05,263988670,5.060829252077563e-07,,,,,,
fukuoka,8703565742.154253,197097,573644,5.820930810717566,174594,2.9657782716124554,71631328.04400715,124.87070037167156,37040425.2040001,126.63869480219805,292489,22.645546186362896,20.060054140153547,8230.112825720715,4255.775885577683,1.11355798197,0.0012551338460787527,,,3.089011731472677,0.04334728073692616,2.9533480185859723e-05,0.044910978084995966,0.00044244855551458243,1551638366,1.6471241328399235e-05,1335069405,7.61536766756369e-07,,,,,,
