city_name;graph_area;n;m;k_avg;intersection_count;streets_per_node_avg;edge_length_total;edge_length_avg;street_length_total;street_length_avg;street_segments_count;node_density_km;intersection_density_km;edge_density_km;street_density_km;circuity_avg;self_loop_proportion;clean_intersection_count;clean_intersection_density_km;avg_neighbor_degree_avg;avg_weighted_neighbor_degree_avg;degree_centrality_avg;clustering_coefficient_avg;clustering_coefficient_weighted_avg;pagerank_max_node;pagerank_max;pagerank_min_node;pagerank_min
"'Beijing, China'";19780168707.915337;57596;137875;4.787658865198972;48950;2.941263282172373;45826288.94500064;332.3756224478741;28151349.898999576;332.1379680856034;84758;2.91180529602622;2.4747008340940946;2316.7794785624124;1423.2108084970166;1.09309105447;0.002067089755213055;;;2.6242194398420673;0.02368157359743306;8.312629334489872e-05;0.045247065768456066;0.00021193388137835185;4256148391;8.200485841213298e-05;530731546;2.6304569965956818e-06
"'Karachi, Pakistan'";4573389939.585521;57600;159385;5.534201388888889;51763;3.0108854166666665;18870342.136000536;118.39471804749843;10802524.203999914;124.57072584699733;86718;12.594596297472112;11.31830014142446;4126.117034689311;2362.0387385946215;1.04051196809;0.00033880227123004046;;;2.9600306712964195;0.045303827478166005;9.608155330622854e-05;0.023729166666666187;0.00010325488081856058;733864160;8.638277828673759e-05;292559434;2.6139243109474563e-06
"'Dhaka, Bangladesh'";1838136014.0651658;14212;37431;5.267520405291303;11314;2.6844919786096257;5858021.571999977;156.50187203120348;2963955.0410000025;157.28071323958622;18845;7.731745578810119;6.155148429401751;3186.9358563105216;1612.4786296118587;1.10392489636;0.00032058988538911595;;;2.8978633080026452;0.035370120588142956;0.0003706650063535939;0.03963786471526384;0.0006772637266176061;5068406008;0.00024392198996458445;2606773547;1.05967829634501e-05
"'Lagos, Nigeria'";4697954779.261097;82204;205955;5.010826723760401;63898;2.625249379592234;25075552.782000355;121.75258081619944;13286926.730999896;123.19820798330919;107850;17.49782700397325;13.601237773099639;5337.546647467791;2828.2364039889057;1.049670899;0.0017091112136146246;;;2.8320432501261883;0.035182927873666024;6.09567378776538e-05;0.032206056477382755;0.00019174161179481378;1472573892;4.68856937338981e-05;4007045558;1.8260016015174975e-06
"'Guangzhou, China'";9435282464.343102;44223;96059;4.344300477127287;37948;2.894444067566651;25942772.11300036;270.07122823473446;17481168.071999907;273.2243646082416;63981;4.686982098005359;4.021925166883914;2749.549068725897;1852.744540299989;1.09626810649;0.0015823608407332993;;;2.3642994972449767;0.029310155232363036;9.823844414833183e-05;0.05715642474342676;0.0002721431244298595;2127725213;0.00010884666525017589;1338311645;3.4587537843804236e-06
"'Tianjin, China'";14854617885.801825;40245;95878;4.764716113802957;33492;2.969635979624798;34265949.27099977;357.39115616721006;22571867.41700012;378.3227027973806;59663;2.7092585153918045;2.2546524089328446;2306.754002992663;1519.5185490819329;1.04687273454;0.000730094495087507;;;2.6697250176004723;0.0241437624015039;0.00011839568914133125;0.03330671068278232;0.0003188645342982329;4138099734;0.00013883773207366224;1933899930;3.800731298485746e-06
"'Mumbai, India'";593387120.6511759;21789;54878;5.037220615907109;17646;2.78557987975584;6496225.2750001075;118.37576578957155;3715904.0440000165;122.3101294888258;30381;36.719704964423585;29.73775362807924;10947.701844069732;6262.191939592872;1.07336876526;0.0018951127956558184;;;2.8007243716248964;0.039924318624353576;0.00023119242775411072;0.03890189239218629;0.0004763036266752758;620389508;0.00020806032779009933;2231177362;6.8891435242662484e-06
"'Moscow, Russia'";1405463573.3604128;16689;34994;4.193660494936784;15476;3.0249865180657918;8022613.079000024;229.2568177116084;5468038.888000048;218.20658797238707;25059;11.874373919273626;11.01131348640893;5708.161514153117;3890.5589526779154;1.06042638268;0.0008572898211121906;;;2.205120139013717;0.02476209362253341;0.00025129796829674047;0.08527373319751325;0.0008867198468227586;100012502;0.0003356393965624011;31448152;9.087506258472074e-06
"'Baoding, China'";25880460778.289562;21083;56320;5.3426931651093295;17722;2.9063226296067923;29160713.998000015;517.7683593394889;16792824.360999998;550.2596618716822;30518;0.8146300091258798;0.6847636968993427;1126.7463221698963;648.8611043234229;1.07069082942;0.0002130681818181818;;;2.951320969501595;0.026779544085447048;0.00025342439830700617;0.03114673749782609;0.00019068375793288687;5739608201;0.0002099467720684909;4907643972;7.208147081011063e-06
"'Delhi, India'";1832875392.7990923;112091;294279;5.250715936159014;89891;2.761524118796335;25699974.206001047;87.33200196412604;14089603.65700008;91.11640889719581;154633;61.155821306989786;49.04370496388309;14021.670162068736;7687.158500984082;1.0483585475;0.0009616724265068184;;;2.9464803894453917;0.055651559277563975;4.684374998812026e-05;0.024168543330653255;0.000284174525040414;3013078430;3.592329069850471e-05;851689232;1.3397181698222187e-06
"'Suzhou, China'";2791405425.759557;2209;5302;4.800362154821186;1578;2.596650067904029;2673838.652000003;504.30755413051736;1464915.4939999986;512.0291835022714;2861;0.7913576364131767;0.56530663207786;957.882587504263;524.79495829646;1.04417806529;0.0007544322897019992;;;2.8481967707861777;0.021046641137949972;0.0021740770628718453;0.028368794326241176;0.00039069298387581734;2308245072;0.0016680375604942537;3142506228;6.885395214521e-05
"'Lima, Peru'";37746771.596246704;2517;5661;4.498212157330155;2411;3.2193087008343264;519266.01300000155;91.72690567037654;371737.86000000074;94.39762823768429;3938;66.68119930686402;63.87301212906203;13756.56754316001;9848.202754297641;1.01897311508;0.004946122593181417;;;2.3124420606542184;0.039855401196844095;0.0017878426698450663;0.03749172295060252;0.0011746863636356239;525867127;0.0013642616606824593;31035159;6.151819021336774e-05
"'Cairo, Egypt'";3006426974.158304;49574;120978;4.880703594626215;46651;3.0569855166014444;14956622.377000403;123.63092774719703;10116143.771000046;133.3651110832801;75853;16.489341143527696;15.517090686382186;4974.882977554357;3364.8393451606175;1.06684749878;0.0039759295078444015;;;2.53674674896781;0.04568151889472584;9.845487653815763e-05;0.04135501136348085;0.00010523398169490978;3906436301;0.0001120773637403069;1050120879;3.0522796570614897e-06
"'Dongguan, China'";2905303207.227344;21148;48563;4.592680158880272;17913;2.95663892566673;14088945.408999944;290.1168669357318;9574931.752999995;306.8396652139079;31205;7.279102555420523;6.165621528052195;4849.38899800604;3295.6738316266014;1.05767702057;0.00043242798014949654;;;2.544971943761449;0.021388610375474355;0.00021717880355986305;0.042841606095815325;0.00053772961991078;4853233851;0.00022979778400650006;294970020;7.269373289837343e-06
"'New York City, United States'";1230682053.7368746;55452;141682;5.110077183870735;51501;3.3144701724013563;16522827.939000305;116.61910432518107;11267449.533000108;122.67629354252297;91847;45.057941514320554;41.84752661633526;13425.748664189881;9155.451238431026;1.02124896921;0.0011010572973278187;;;2.7008971723291757;0.03678811170859568;9.215482468968658e-05;0.04023827557424062;0.0007156504346530925;42727425;8.065459061789181e-05;42424258;2.7141357004579466e-06
"'Nanjing, China'";9130789000.6398;20305;49156;4.841763112533859;17125;2.98867274070426;19587697.97800018;398.4803071446045;12440623.2940001;410.33786179827496;30318;2.2237946795810544;1.8755224766227805;2145.236077257689;1362.491597728124;1.07143795069;0.0022581170152168608;;;2.6130135082844057;0.026206676087010144;0.00023846351027060673;0.04206188951818167;0.0004246913243319085;4319032666;0.00027503827096059914;2665700861;7.508126636114888e-06
"'Wenzhou, China'";16285088754.440361;16074;37101;4.616274729376633;13216;2.609991290282444;15478206.710999895;417.1910921808009;9188245.360999996;438.2032316386873;20968;0.9870379119436604;0.8115399430289546;950.4527082653781;564.2121759081411;1.17404663543;0.0005660224791784587;;;2.575625233296005;0.05267838327836496;0.0002872067896084325;0.027217867363444018;0.00021492503171614493;2492144564;0.0003128627158413247;3868832339;9.44554141442866e-06
"'Quanzhou, China'";13096003058.55455;20088;42086;4.190163281561131;18220;2.5101553166069297;14255447.057001308;338.7218328423064;9451529.764999887;375.31389290393867;25183;1.5339031237380591;1.3912641833187693;1088.5341881230997;721.7110230304943;1.14481457373;0.00016632609418809106;;;2.224103942652346;0.2411722850786937;0.00020860075081205137;0.0330374921772773;0.00010083508441769386;5277456751;0.0002430443294432513;764425493;7.593142750708086e-06
"'Xi'an, China'";12228000014.799774;24483;63070;5.1521463872891395;20312;2.9476779806396274;25207760.177999962;399.6790895512916;14569944.433000062;404.48472926903924;36021;2.0022080446816957;1.6611056571324838;2061.4785858268356;1191.5230957937347;1.07706602288;0.0009830347233232915;;;2.89177184168609;0.01905550669915805;0.00021044630288743108;0.03206209167488454;0.0002580325521768425;2407359219;0.00017678672047488747;4563202005;6.1879510581918055e-06
"'Bangalore, India'";794227931.8240017;90053;243306;5.4036178694768635;73875;2.8029160605421253;19314449.276999637;79.38336611920641;10267893.493999923;81.43821873066673;126082;113.38432758614621;93.01486014265545;24318.521803486077;12928.144532034987;1.04378854905;0.0009946322737622582;;;2.997172776032403;0.052415270923771774;6.000552868876255e-05;0.026022030412777685;0.0002463087023985762;1273685043;4.260173770066225e-05;265518566;1.667808442355482e-06
"'Tehran, Iran'";770355259.417788;95639;207786;4.345214818222692;73005;2.6638296092598206;16775482.314000245;80.73442057694092;10880638.042000134;85.50398058984962;127253;124.14921405518949;94.7679646598052;21776.29361118228;14124.182199032952;1.04723811492;0.0004764517339955531;;;2.511292812904225;0.05961075690525592;4.5433978316417654e-05;0.02288481636550844;0.00031558743937997754;1891225479;4.672117713944679e-05;266850620;1.5724333447162803e-06
"'Shenzhen, China'";3876289795.684913;29854;66928;4.4836872780866885;25930;2.973370402626114;14214803.582000019;212.38948694119082;9780330.15;220.44651647658117;44366;7.7016945516389095;6.689386337643094;3667.1158069306225;2523.1163472058943;1.0862819534;0.001464260100406407;;;2.446242267926145;0.029125900452712336;0.0001501921843059296;0.061942564927087634;0.0004951852889072753;4472714038;0.00017511643253385347;1169605221;5.086888298302728e-06
"'Baghdad, Iraq'";887165888.7230948;49584;139817;5.63960148434979;46963;3.0401944175540496;14215876.78800006;101.67488065113727;7879486.5819999585;104.63708726079915;75303;55.890336441324024;52.93598479940909;16023.921758828092;8881.638352147385;1.03213852613;0.00030039265611477863;;;2.931122942884753;0.039002790679665826;0.00011374062651215909;0.02669140582983725;0.00024078117752606386;26663502;8.577065338900257e-05;21583503;3.028969664372534e-06
"'Bogotá, Colombia'";638112575.4915035;57283;145290;5.0727091807342495;50136;2.9637937957160063;11140766.909000225;76.67951620208015;6737838.213999999;79.40133180136226;84858;89.76942658727266;78.56920851525761;17458.936458694767;10559.0117994622;1.04138346413;0.0004817950306283984;;;2.7498462520667393;0.060422088900247826;8.855677491591517e-05;0.02844083219238031;0.0004536811124484059;1062778141;6.551990114581715e-05;316848114;2.622538258177753e-06
"'Hong Kong, China'";1473757641.546398;15373;29106;3.786638912378846;13149;2.8524686138034214;4872704.042999993;167.41235631828465;3493735.035000015;159.1606320896549;21951;10.431158805642749;8.922091142613446;3306.312995864854;2370.6306495103745;1.13235518077;0.006596578025149453;;;2.0420054641254075;0.03996081109814813;0.00024633352279330106;0.08140958328299754;0.00048559969099923377;281722523;0.00036764966256743056;279085262;9.815675090417453e-06
"'Santiago, Chile'";26684993.59332777;2266;4350;3.8393645189761694;2124;3.3627537511032655;433030.8759999993;99.5473278160918;381861.1509999987;102.07461935311379;3741;84.91664021109541;79.59529735585465;16227.505338741134;14309.958503998969;1.00844813161;0.0004597701149425287;;;1.9712783171521029;0.02845654682042192;0.0016950836728371619;0.021785819358634897;0.0007538140715431365;370189635;0.0017833872345719786;16106543;6.775100570166327e-05
"'Mexico City, Mexico'";1526753163.9592369;102741;258569;5.033414118998258;87140;2.9541663016711928;23858015.78300038;92.26943594553245;14303961.004999747;94.33401484524765;151631;67.29378554786679;57.07536886579956;15626.635887317127;9368.875953665063;1.04848338248;0.0013806759511000933;;;2.752807776929838;0.04912761137032811;4.8991766780245925e-05;0.026786521699945907;0.00031682232407258785;1141524338;3.671745209016837e-05;31180439;1.4646537494352252e-06
"'Fuzhou, China'";16014929412.54692;12223;26592;4.351141291008754;10220;2.775177943221795;16209621.276000138;609.567587093868;10128833.743000085;597.5713122713914;16950;0.7632253433739066;0.638154545470124;1012.1568980067241;632.4619660867587;1.19825470285;0.0009025270758122744;;;2.3937492938761085;0.046929214205323894;0.00035600894215420876;0.048745729167884125;0.0003568827113521852;3075092333;0.0004034502701843719;1648148815;1.256782453958904e-05
"'Changsha, China'";13982192513.574627;18774;43095;4.590923617769255;15526;2.9258016405667413;17467189.083000027;405.31822909850393;11273328.363999983;410.92543427863177;27434;1.3427078751614412;1.110412403843429;1249.245357338771;806.2632775979346;1.08799228504;0.0015315001740341108;;;2.520883681586015;0.027619060078424483;0.0002445492791652737;0.03917550614578464;0.00033562054160362893;5470975692;0.00028451541660067995;2293600094;8.229161586246687e-06
"'Ho Chi Minh City, Vietnam'";2834109098.860463;68471;161748;4.724569525784639;48114;2.5089746023864117;17435006.67399993;107.79117314588082;9465797.295999987;110.29312658463817;85824;24.159620399768933;16.976763533678238;6151.847393951837;3339.955155504066;1.05826142843;0.0007913544526052872;;;2.7882086333389036;0.04863916966113669;6.900203776517902e-05;0.02090666121423627;0.0002078669828261248;4603175867;6.622408102155677e-05;366238276;2.1947010270226284e-06
"'Shantou, China'";3385904309.4640694;6986;16254;4.653306613226453;5537;2.7928714572001145;6205377.604000064;381.7754155284892;3704701.2229999853;380.985317050595;9724;2.063259726647669;1.6353090619021105;1832.7090894610276;1094.1541415227935;1.07890729766;0.00030761658668635415;;;2.644605878423507;0.028110845897221338;0.0006661856282357311;0.04687470178452123;0.0005521400461191013;3357190060;0.0006054546248621433;1315997923;2.171917064902171e-05
"'Wuhan, China'";11312369229.596354;24375;55547;4.557702564102564;20113;2.8522666666666665;20070961.160999827;361.3329461717073;13154019.729000023;378.3152064710964;34770;2.1547210407726185;1.7779653043306534;1774.249120908158;1162.799716135979;1.07651971444;0.002214341008515311;;;2.5066933333333634;0.026779315912252927;0.00018699034069509385;0.04954158730158781;0.00026068120773165227;2418779897;0.0002718040966846858;2659788218;6.3307576196865025e-06
"'Saint Petersburg, Russia'";867911590.2396469;13062;27958;4.280814576634512;11961;3.079390598683203;4758233.912999959;170.1922137849617;3390143.448999989;169.32091943861695;20022;15.04991999979322;13.781357611202473;5482.3947122150075;3906.093071143232;1.03938581998;0.00042921525144860146;;;2.268465717834125;0.040339818930319085;0.0003277554993211825;0.05980889676342172;0.0007777801685974451;106191031;0.00042590415966499125;699900;1.1560473920896756e-05
"'Singapore, Singapore'";772475813.8142202;22187;43143;3.88903411907874;19678;2.9738585658268355;5745133.521999981;133.1649055930274;4422154.085000016;133.98030918620904;33006;28.721934853142155;25.473936721509503;7437.298902126769;5724.6505404032505;1.08173725103;0.0036390607978119276;;;2.086668619762329;0.03910119037494631;0.000175292261745142;0.11316386472558901;0.0009082256824119715;395054088;0.00020597748001542962;239886623;6.804223857539935e-06
"'Casablanca, Morocco'";246196097.4838565;29830;79622;5.338384177003017;27856;3.0623533355682198;5745317.263000056;72.15740954761317;3427543.9990000427;75.07982123455803;45652;121.16357775312017;113.14557901075814;23336.345789870964;13922.00783858807;1.04823116759;0.0014192057471553087;;;2.8026484204140627;0.06285904676113613;0.00017896624684041093;0.042495570135529584;0.0008704786732655011;770235547;0.00014152574641696823;458740775;5.040609022600794e-06
"'Foshan, China'";5916361778.032709;38695;90334;4.6690270060731365;32632;2.887117198604471;21454725.36899993;237.5044320964413;14051352.762000017;251.73064300686175;55819;6.540337026662819;5.5155518246300845;3626.337633486299;2374.998907972854;1.0711268349;0.0015498040604866384;;;2.5577743525371606;0.027856854818843473;0.00012066540047742723;0.05274447910705585;0.0004467203093345383;1206306990;0.00012663002442820617;2048126028;3.952578610474745e-06
"'Yangon, Myanmar'";1300951702.2028208;46277;131570;5.68619400566156;40568;2.9652527173325844;12943860.148000143;98.38002696663482;6748995.001999905;98.35031042522668;68622;35.5716510625583;31.183325200550275;9949.531659079355;5187.736785748657;1.0346083599;0.0005700387626358592;;;3.0481020089170734;0.04379022727557144;0.00012287565921120596;0.02802595550396805;0.0003434820169079523;490612525;9.440567139447053e-05;270874198;3.2428440996892325e-06
"'Hyderabad, India'";923083835.2610537;136022;366800;5.393245210333623;109715;2.7678096190322155;22120335.140999664;60.306257200108135;11495175.90400005;61.31578025870142;187475;147.35606323507133;118.85702664154219;23963.516959154527;12453.013978680652;1.04428557373;0.00044983642311886585;;;3.020162512226074;0.17325591311123803;3.965009234105717e-05;0.023178533444521407;0.00020000491081747566;3598282402;2.6553495426629844e-05;1595389590;1.1044001050603263e-06
"'Rio de Janeiro, Brazil'";1439490458.9996927;63257;157498;4.979622808542928;52467;2.808400651311317;16692394.35499996;105.9848020609783;9632927.903000033;108.31181513880648;88937;43.944021722768156;36.448313826588;11596.043760234137;6691.9011812652025;1.05844956177;0.001879388944621519;;;2.743307460044043;0.042575529007880836;7.872174668878054e-05;0.04166706187984571;0.00033021286606674195;349338299;6.886615715399872e-05;145760586;2.375254092933078e-06
"'Istanbul, Turkey'";7939184074.515599;193628;520722;5.378581610097713;173155;2.957862499225319;48735564.600000605;93.59229031997997;27521543.266000286;96.02302492551057;286614;24.38890422273198;21.810175752923936;6138.611240472359;3466.54555527225;1.06736958173;0.001173370819746429;;;2.861360142471954;0.05285557705719872;2.7778055798478154e-05;0.037994701671435156;0.0001830993065928756;1833053305;1.79618893158895e-05;813585032;7.767867711098321e-07
"'Hanoi, Vietnam'";4304112396.310472;60513;149870;4.953315816436137;45641;2.612430386859022;17216246.403999705;114.87453395609332;9319915.538999898;117.9392776659947;79023;14.059344744777656;10.604044643240247;3999.9527936950817;2165.3513386381414;1.06693425859;0.0007473143390938813;;;2.8348641338776446;0.04911753552139555;8.185675265129662e-05;0.0283605333131867;0.00012724905844066644;5709898550;7.77876342337004e-05;1785097904;2.4843407831005503e-06
"'Zunyi, China'";37894817049.4285;8463;18849;4.454448777029422;6033;2.5535861987474893;18824370.60900003;998.6933316886854;10954796.990000023;1016.78086040468;10774;0.22332869397314142;0.15920382969868396;496.75317298527307;289.08430869876;1.27717867719;0.0016446495835322828;;;2.582098546614677;0.01575652934607843;0.0005264061424047932;0.04565756823821318;0.000295530808809244;1537908244;0.0006821774915699418;4572746086;1.804292011839456e-05
"'Chennai, India'";506981216.7664513;42264;111623;5.282178686352451;34083;2.742949081961007;9976746.485000145;89.37894954445002;5294141.3529999275;91.5767129611999;57811;83.36403519949253;67.22734269601325;19678.730010220646;10442.480269320815;1.04849932213;0.0005375236286428425;;;2.944387658527076;0.04677873615206524;0.00012498352427306537;0.027601110480156687;0.0004273403415300847;2166734647;0.00010422425937617906;256018770;3.556059635489742e-06
"'Bangkok, Thailand'";2166072020.3272915;144035;317832;4.413260665810394;89851;2.3391189641406602;31371105.53399913;98.703420467414;17225550.87999999;102.22939530798398;168499;66.4959422624537;41.4810768787012;14482.946660868178;7952.4368157422705;1.05940418021;0.0016801329004002114;;;2.7668695108822385;0.05335463204808487;3.0640408971581404e-05;0.022501475335857658;0.00026044836935637213;66237586;3.2001099745707266e-05;68129611;1.0430410648919288e-06
"'Changchun, China'";25954726940.032444;13652;32871;4.81555815997656;11580;2.987913858775271;16345075.602999896;497.2491132913479;9902457.082999995;486.5115988503486;20354;0.5259928194021268;0.4461615037120296;629.753325502698;381.52807794431055;1.06307474315;0.00042590733473274315;;;2.6455171403457154;0.021412696124702264;0.0003527623001960606;0.03897841586092358;0.000183359969865707;3523404563;0.0003369102741921766;5813887962;1.1312030839492977e-05
"'Surat, India'";5734104178.262137;15602;38367;4.9182156133829;12010;2.707088834764774;10795374.738000045;281.3713539760744;5873134.704999961;278.9557663626846;21054;2.720913243806563;2.0944858388742995;1882.6610752774725;1024.2462505764868;1.06909248519;0.0003388328511481221;;;2.838230141434909;0.03928435366205933;0.00031525002329229154;0.037997265307866644;0.0005855363416092001;5493603969;0.0003019906873274597;4916489595;9.636732370188353e-06
"'Guayaquil, Ecuador'";1706219589.550655;36971;103995;5.625760731384058;33025;3.1235292526574883;8414328.376000015;80.91089356219064;4842500.119000003;83.84991202036298;57752;21.66837154280744;19.355656330670406;4931.562401188928;2838.145892039201;1.04630461415;0.0004807923457858551;;;3.0188399917051028;0.05297033510118173;0.00015217096920169265;0.02394154491744554;0.0001443969081825898;415313210;0.00010425390226506676;415546903;4.062221655566118e-06
"'Jeddah, Saudi Arabia'";319589.94035283296;26;84;6.461538461538462;26;3.3846153846153846;13076.335999999998;155.67066666666665;6538.1680000000015;155.6706666666667;42;81.35425029741405;81.35425029741405;40915.981227580225;20457.990613790123;1.048245212;0.0;;;3.3044871794871793;0.022365712510637174;0.2584615384615386;0.09615384615384616;0.047776568006967494;5312759466;0.051219452060922176;5181936333;0.028121899005097095
"'Abidjan, Ivory Coast'";1949080193.5320213;38213;107833;5.643786146075943;33031;2.9062884358726087;12497791.458000002;115.89950625504254;6496834.683000034;116.95682519937414;55549;19.605658159581623;16.946968169710324;6412.148406963265;3333.2823885644284;1.05721225688;0.0006769727263453674;;;3.0499991276962057;0.042052687168390855;0.00014769669596144817;0.03691588377428198;0.0003640203893687814;3251048025;9.807307548219215e-05;244526576;3.927041604611253e-06
"'Jakarta, Indonesia'";1980021729.7522259;121626;315741;5.1919984213901635;101099;2.7570667455971587;22746482.851999763;72.04158741500079;12541328.42500004;74.86868578779925;167511;61.42659859355176;51.059540650925705;11487.99657610131;6333.934742508824;1.06754700549;0.000962814458686075;;;2.8402797647431064;0.05777080292632649;4.268857900414974e-05;0.032386441495517726;0.0003116690812923871;4555511671;3.393465686307175e-05;90653275;1.2351523633034177e-06
"'New Taipei City, Taiwan'";2728169198.0309105;14626;35149;4.806372213865719;11703;2.823533433611377;8598391.503000094;244.62691692509298;5007883.3050000435;243.7875233667629;20542;5.361104439767334;4.289689953411535;3151.7075660872088;1835.6204991297989;1.21052667548;0.0009957609035818943;;;2.668015862163286;0.03266541688290418;0.00032864083513617766;0.04644208291822165;0.0004973486821345597;1506078722;0.00032085451980924825;47952536;1.0387432237028939e-05
"'Shijiazhuang, China'";16348967978.902721;40074;111689;5.574137844986774;33360;2.9417327943304885;36099420.999000154;323.21375425512053;20070697.066000286;341.05996917482815;58848;2.45116389314071;2.040495769705397;2208.0550310933454;1227.6430592989243;1.05600898791;0.00010744119832749867;;;3.117458119146095;0.02717472424393261;0.0001390995893741082;0.02630134251634507;0.00021166639108440686;6181920748;0.0001278885364900147;5157559027;3.760063537550935e-06
"'Berlin, Germany'";1126811850.99867;28578;74352;5.203443208062145;25169;3.003184267618448;10669828.671999965;143.50425909188678;6138199.617000036;143.12828468497963;42886;25.361820586703903;22.33647079385368;9469.041936809163;5447.404206443051;1.0414734286;0.0023940176457929846;;;2.808109968040681;0.05157344538576789;0.00018208500570607495;0.050471224951593494;0.0006139668516690325;26804478;0.00016966271867873466;12696810;5.2627617342136845e-06
"'Hefei, China'";13822436300.976974;17305;39797;4.599479919098527;14886;3.081305980930367;19086088.93499997;479.5861229489652;12295311.057999924;462.00394761958154;26613;1.2519500631575982;1.0769447350571515;1380.804983970225;889.518373626427;1.05765741579;0.0007286981430761112;;;2.5098218241356265;0.0211042462585337;0.00026580443360489273;0.03733988250024084;0.0004594645455756378;3409912958;0.00033819895449373704;3032181267;8.919850310450646e-06
"'Ningbo, China'";12214118256.512514;26164;60677;4.638205167405595;22147;2.979055190337869;23716026.098000232;390.85693257742196;15496583.767000126;397.6439857073241;38971;2.1421112396754034;1.813229537727074;1941.6895759425738;1268.7435508279457;1.10289319935;0.0009064390131351254;;;2.563507109004748;0.02937770490444349;0.0001772810903721132;0.037123528512460265;0.00016707642542792856;2404995530;0.00023072999958254628;5637138258;5.843236156958053e-06
"'Madrid, Spain'";732832074.6770833;30666;62008;4.044087914954673;28666;3.081882214830757;6203218.832000012;100.0390083860149;4759373.855000046;100.9132976061753;47163;41.84587582839184;39.116737640927425;8464.720699804811;6494.494468050169;1.05042315457;0.0017900916010837311;;;2.093315072066791;0.051008781293006906;0.00013187959937892293;0.06285571425465397;0.0005507120455249942;4340536572;0.0001643179001192228;21696579;4.965656124715716e-06
"'Los Angeles, United States'";1973609766.9712803;53201;146414;5.504182252213305;44070;2.9410161463130393;22416768.589000247;153.10536280000716;12125044.283000097;156.63408194031905;77410;26.956190068740256;22.329642230961507;11358.257829966673;6143.587494303548;1.04791427377;0.0010586419331484694;;;3.0444838577148383;0.03316487755796023;0.00010346207241001657;0.03155329160479307;0.0009116150805069377;4757166084;8.168846030049212e-05;15711955;2.8393642730960575e-06
"'Zhongshan, China'";1863674958.8386302;17399;42893;4.930513247887809;14795;2.8905109489051095;9303492.140000008;216.90001025808425;5755421.388999978;228.8074019639015;25154;9.335855438462499;7.93861608207671;4992.014350934663;3088.2109359813116;1.07168162309;0.0025878348448464786;;;2.6854828821579946;0.03439920679488727;0.00028339540452281735;0.05335172519493563;0.0006074241850470433;5235882009;0.0003809873759052106;993708417;8.747545432249668e-06
"'Nairobi, Kenya'";954342426.3225929;19842;47554;4.793266807781474;14665;2.5536236266505394;6960653.269999937;146.37366509652054;3749902.211999988;148.16477189932388;25309;20.79127936966818;15.366601751647206;7293.664284445271;3929.304732316724;1.08473357314;0.004163687597257854;;;2.749485938917543;0.038144143881959455;0.00024158393265363585;0.03613379027651823;0.00045655806405243504;291530960;0.0002068881040897923;30092278;7.591809709531958e-06
"'Kabul, Afghanistan'";4651138282.886364;31505;82247;5.221202983653388;24479;2.6895096016505318;12739117.35799977;154.88853524140418;6579312.776000001;155.26768244678343;42374;6.773610691370133;5.263012731758435;2738.924663855454;1414.5597004088784;1.06733067082;0.0004984984254744854;;;2.947454145600377;0.03637004538098988;0.00016573143041047545;0.01932754438071056;0.00016562952906513427;25914150;0.000151583188251855;104336684;4.761772112538771e-06
"'Incheon, Korea, South'";706635.9760390955;35;94;5.371428571428571;30;2.8285714285714287;17916.600000000006;190.60212765957453;10912.411;227.34189583333333;48;49.530453000971434;42.45467400083266;25354.78040677729;15442.761718936677;1.31912523326;0.02127659574468085;;;2.9261904761904765;0.03331549573620695;0.1579831932773109;0.02857142857142857;0.0023422895068864725;4680236823;0.04834311196981966;4680211582;0.009912339905411833
"'Buenos Aires, Argentina'";212606002.28584096;17438;37010;4.244752838628283;16994;3.5549374928317468;3957624.457999991;106.93392212915403;3349544.3759999922;108.4907811103191;30874;82.02026195175453;79.93189193761421;18614.829381341315;15754.702783492692;1.01275029999;0.0005403944879762226;;;2.176434606415116;0.029092115570924514;0.00024343366626302607;0.03813729184757986;0.000727784185163391;89251145;0.00027044532814878827;224201140;8.654649647081666e-06
"'London, United Kingdom'";1839381240.4001079;125352;295800;4.7195098602335825;93722;2.5550769034399132;29043585.78899914;98.18656453346566;15741527.620000202;97.96269576635738;160689;68.14900426663755;50.95300416329858;15789.867348370635;8558.055977876591;1.06212044544;0.005182555780933063;;;2.6969089710043304;0.05398421132797433;3.765035668035055e-05;0.038027315080733586;0.00041283732791513574;11080848;3.867351482906618e-05;108553;1.19874964329945e-06
"'Quezon City, Philippines'";183668024.81212956;15207;39680;5.218649306240547;12369;2.7898993884395344;3868548.0350000043;97.49365007560495;2107305.423000007;99.74465958252506;21127;82.79612096637368;67.3443296003864;21062.719212868255;11473.447406839208;1.05490199435;0.0021673387096774193;;;2.878198636592805;0.046330870296749906;0.00034319671881102707;0.04874728743341947;0.0021255779837583877;40818825;0.0002506440877489507;30105558;9.917451704598603e-06
"'Ekurhuleni, South Africa'";2234383650.611492;52827;146375;5.541673765309406;46805;2.952164612792701;21683829.800999872;148.13888847822287;11864264.263999978;151.33376188168037;78398;23.642761611481824;20.947611206871613;9704.613527343694;5309.85995209598;1.09630328659;0.007856532877882152;;;2.913353966721485;0.03412040541157649;0.00010490428511170812;0.06688940630107755;0.0003466037494246539;415436146;8.444587043627365e-05;25694447;2.8494774681805192e-06
"'Mashhad, Iran'";579601782.4263828;33002;80524;4.879946669898794;26880;2.8196169929095207;7757056.858999956;96.3322346008638;4628207.912000035;99.54847956637776;46492;56.93909335793269;46.37666897343284;13383.424782661374;7985.151275113409;1.03196080451;0.0007823754408623516;;;2.7637077550855107;0.04319556022986663;0.00014787269082446343;0.029041674241965885;0.0007741361467082036;262320062;0.00015015566355192257;260137899;4.553108503190145e-06
"'Kiev, Ukraine'";997795861.5883105;9296;21867;4.70460413080895;7724;2.8150817555938037;4339320.600000013;198.44151461105832;2604190.732000019;199.89182775560477;13028;9.31653493250859;7.741062372923445;4348.906191184838;2609.943408519072;1.05683519886;0.0011432752549503818;;;2.6073848967297675;0.026872055716425498;0.0005061435320934332;0.06243187033849664;0.0011944815950990836;26410581;0.0005260598751217326;26300206;1.6196228245959112e-05
"'Khartoum, Sudan'";1328569289.647738;105345;331084;6.285708861360292;103605;3.2132422041862454;26242417.72099945;79.26211390764715;13473391.23799988;79.6944999083175;169063;79.2920631395383;77.98238361167465;19752.389224620318;10141.278549026425;1.02048314812;9.061144603786351e-05;;;3.2168503488534874;0.05228054648249386;5.9668408844879804e-05;0.013932814855497223;0.00020703106392536732;5937001872;2.6319354536331543e-05;1685189269;1.4242666750649416e-06
"'Salvador, Brazil'";609168433.7795566;24457;57609;4.711043872919818;18965;2.6356053481620805;5673581.7650000155;98.48429524900651;3248529.0779999904;100.6422045355967;32278;40.14817354907526;31.132604626823092;9313.650298323153;5332.727202958706;1.09134454977;0.003922998142651322;;;2.6619270556487638;0.04453792004079296;0.00019263345898430043;0.05283695192923592;0.0010193509088058878;340233878;0.00017359091434803944;616007843;6.15459985648e-06
"'Lucknow, India'";2691399316.6353893;22563;60182;5.334574303062536;19812;2.9106944998448787;10344346.375000011;171.88439026619272;5621796.314999987;171.39100378037216;32801;8.383371378798884;7.361226510515601;3843.4825746823158;2088.800528502767;1.08705291913;0.0006978830879665016;;;2.859706894768829;0.04185194044663634;0.00023644066585692665;0.040715625877174394;0.0003262161535094364;2215163977;0.00018923800301467498;3655944932;6.655777784835738e-06
"'Addis Ababa, Ethiopia'";582911401.300447;57346;154538;5.389669724130715;49631;2.862605935897883;12284102.110000141;79.48920077909732;6640897.281000034;81.05277825784523;81933;98.37858698948736;85.14329946073391;21073.70362390392;11392.635769663306;1.04612665041;0.0002588360144430496;;;2.9152922610121954;0.05220520720216239;9.398674207222922e-05;0.02836059475232093;0.000761856128829033;2425210748;6.417075592662691e-05;2001859464;2.6167629977841403e-06
"'Surabaya, Indonesia'";350382666.82675356;42045;106922;5.086074444048044;34720;2.756047092400999;8739229.31400002;81.73462256598286;4811340.304999988;82.99850445927974;57969;119.99737424451169;99.09165974002725;24941.95672733185;13731.673283310418;1.05109389875;0.001692822805409551;;;2.795774368731695;0.052911701077304224;0.00012097027980324998;0.033964403218772664;0.000572261709770937;5595745544;9.878581503306675e-05;391741824;3.572225853901583e-06
"'Rome, Italy'";1781679401.6494622;42436;88526;4.1722122725987365;35599;2.8200113111509095;11216862.99000004;126.70698992386463;7225233.331999987;120.90821868201726;59758;23.817977555733734;19.980586836802836;6295.668558336349;4055.2937443801243;1.07290824553;0.003264577638207984;;;2.289664043108021;0.04036036808643734;9.832007240715019e-05;0.062456853794399025;0.0005164641693629183;296361339;0.00011955486270410988;31409190;3.5497341344280905e-06
"'Dubai, United Arab Emirates'";5302663815.13784;45989;97127;4.223923112048533;42715;2.9237208897779903;15626156.728999857;160.8837576472027;10696504.031999946;158.43151939568904;67515;8.672810799114282;8.05538527222089;2946.850351778083;2017.194452619074;1.09455040061;0.008102793250074644;;;2.1612639254314114;0.04401939413483005;9.184837592522242e-05;0.12206293637504158;0.0007349685871434586;2098041105;0.00010956118274693167;2109525809;3.304832116753563e-06
"'Basra, Iraq'";22892009647.706398;25045;69784;5.572689159512877;22819;2.948412856857656;12226426.785999935;175.20386888111796;6692145.355000049;181.23616398104397;36925;1.0940498621757884;0.9968106929522585;534.0914569824554;292.3354243680633;1.04478508853;0.00028659864725438496;;;2.9484421374858876;0.04219942557106181;0.0002225159383290324;0.02283755906035786;8.444065858780132e-05;4653275041;0.00018881393517036147;2319300493;5.997066844738944e-06
"'Toronto, Canada'";712455601.8719305;27467;73263;5.334619725488769;24481;2.99151709323916;11089804.455999987;151.36978360154495;6314138.3349999515;152.892109424184;41298;38.552577771628506;34.36143941556186;15565.60777522452;8862.500790800108;1.09494389761;0.010455482303481976;;;2.81268309850616;0.028538714172661118;0.0001942263061781388;0.06700404121308871;0.0015529889800424486;21292205;0.000152085884271221;26658849;5.475281502623272e-06
"'Taipei, Taiwan'";311596519.4166975;11141;26582;4.771923525715825;9908;3.103850641773629;3173757.4839999904;119.3949847265063;2119181.1250000037;122.91520938460668;17241;35.75457139526375;31.797531046070667;10185.471551290757;6801.042351073333;1.08258660527;0.0009404860431871191;;;2.5566645723005013;0.04266035754203398;0.0004283593829188522;0.03685293702796597;0.00045305664495795333;2376922233;0.00039090525749679015;48075242;1.3782654418683031e-05
"'Quito, Ecuador'";5795796.942478023;169;400;4.733727810650888;124;2.6804733727810652;65109.823999999906;162.77455999999975;34955.66000000001;159.6148858447489;219;29.15906158847297;21.394814419944666;11233.972591897234;6031.208537311961;1.09305041978;0.0;;;2.8244575936883627;0.029369301579864265;0.028176951253874278;0.03155818540433925;0.004100170114667935;1069893069;0.014918271610663576;1989239759;0.0009064842651660882
"'Yokohama, Japan'";510173945.4563388;85254;235700;5.529359326248621;73215;2.8829145846529194;16187784.659999985;68.67961247348317;8736765.93699999;71.14224707874949;122807;167.10771053535922;143.50987668433532;31729.932122504582;17125.072761575768;1.07117784513;0.0010606703436571913;;;2.970244686187579;0.06613482153001106;6.485823755467256e-05;0.04013340527522068;0.0004484649112291402;742625867;4.084165143305762e-05;157941466;1.7618977526740717e-06
"'Bandung, Indonesia'";4479794.043765245;17;37;4.352941176470588;14;2.7058823529411766;30128.302999999993;814.2784594594592;15091.981;794.3147894736842;19;3.794817313903026;3.12514367027308;6725.376815465673;3368.9006352879705;1.19793796652;0.0;;;2.4901960784313726;0.011380420729780702;0.27205882352941174;0.0;0.0;3617479995;0.10331770809835383;4923584367;0.009606128950581985
"'Taichung, Taiwan'";2693573686.122614;33798;86098;5.09485768388662;27708;2.8718267353097815;12870284.398999972;149.4841273781037;7557943.009999909;155.81781280280197;48505;12.54764262590197;10.286705777812053;4778.1445390961935;2805.916559453598;1.08915376058;0.0004762015377825269;;;2.8212818312720125;0.04133036751160478;0.00015074881450680667;0.03541242226223582;0.0003395714662861459;2630165222;0.00014083643731521773;263007736;4.465281832308122e-06
"'Fortaleza, Brazil'";374312653.41746414;35299;95215;5.394770390096037;31910;3.120768293719369;8343385.130999973;87.62679337289265;4866401.354000032;88.41893517206351;55038;94.30351786860825;85.24958937044362;22289.882681830542;13000.899941719636;1.02453306332;0.0007666859213359239;;;2.887059595644757;0.044741211053516215;0.00015283501586763637;0.023572905748038636;0.000845229546669514;2777141764;0.00012197555482554481;1897549809;4.253265370410256e-06
"'Kaohsiung, Taiwan'";15400156377.051083;30201;81299;5.3838614615410085;26374;2.980033773716102;11099280.249000162;136.5241915521736;6363373.02800002;141.42714646397343;44994;1.9610839825629793;1.7125800124537605;720.7251652028692;413.2018449814286;1.08027297737;0.0004182093260679713;;;2.910671043689754;0.17811209841033654;0.0001782735583292739;0.03059446155204613;0.0002042562144536729;2222785316;0.00018058335784004986;59944120;4.989799535209838e-06
"'Managua, Nicaragua'";281319026.9651848;15167;41903;5.525548889035406;12843;2.932023472011604;3961353.204999989;94.53626721237116;2113209.1299999976;95.08680390568743;22224;53.9138790703873;45.652795470494105;14081.35541962554;7511.788849822525;1.03839683135;0.0008591270314774599;;;3.030216918309549;0.0457036369944613;0.0003643379196252531;0.03818817168853424;0.0005319530374374151;458766082;0.00023667822679261603;285726492;9.904232173421522e-06
"'Chicago, United States'";868765383.1011676;28673;76251;5.318662156035295;26549;3.36874411467234;10558417.97899994;138.46923947226844;6920106.383999975;144.40655211702543;47921;33.004307673549455;30.559458878563966;12153.35945052315;7965.449036767307;1.01652962308;0.0012458852998649197;;;2.8325369976400516;0.028337310109050818;0.0001855002147054595;0.022875676968377574;0.0005109697486344012;261136269;0.00013689584260407546;26698351;5.258814211982466e-06
"'Belo Horizonte, Brazil'";381052179.8685151;29952;80369;5.366519764957265;27571;3.1333466880341883;8466112.220999995;105.3405196157722;4903116.742000021;105.12460586179587;46641;78.60340809580244;72.35492002568672;22217.72415505218;12867.310570672706;1.03655141536;0.0010949495452226604;;;2.855435601724636;0.03760296907834736;0.00017917664735593168;0.04581489112739029;0.0009204026876063439;28404508;0.00014851957812940257;73236574;5.02176585533857e-06
"'Osaka, Japan'";306068292.71887815;48966;135402;5.530449699791692;45525;3.163827962259527;8579996.790999891;63.36683941891472;5099011.623999989;66.04338497804588;77207;159.98390282450777;148.74131389302204;28032.948838906897;16659.71858340583;1.02673440656;0.000295416611276052;;;2.917535636972545;0.06992323419227858;0.00011294699683029284;0.02568030684070398;0.0004607894161154506;4758092971;9.193037921798375e-05;333700338;3.0721532437232546e-06
"'Medellin, Colombia'";395956902.281895;15847;39286;4.958162428219852;13524;2.9307755411118825;3941129.559000023;100.3189319095867;2307241.7399999993;99.58743698204417;23168;40.022032470387366;34.15523235498951;9953.430629160244;5827.002198227616;1.10678728905;0.0006363590082981215;;;2.707860583496354;0.04639377211120382;0.00031289678330296964;0.04265821681736414;0.00038044748731010125;360500787;0.00027944410163729114;339266762;9.50511576709189e-06
"'Douala, Cameroon'";703785985.6501756;22471;60577;5.391571358640025;17873;2.759734769258155;6274192.088000063;103.57383310497487;3212358.6800000076;103.60776261893268;31005;31.928740353135495;25.395504264678507;8914.91478365231;4564.397054642041;1.04306190662;8.253957772752034e-05;;;3.033078189666813;0.038823205755580376;0.0002399453208117019;0.026312432320175518;0.0004515299386922156;1579537575;0.0001404466272497206;5813827930;6.675960130707305e-06
"'Tashkent, Uzbekistan'";502022839.0895751;14912;37602;5.04318669527897;12987;2.945480150214592;5267839.773999988;140.0946698047973;3144955.8359999857;144.078973611874;21828;29.70382787174206;25.86934097172171;10493.227327173568;6264.567248978959;1.04564731745;0.000425509281421201;;;2.743546584406276;0.03195538803473341;0.00033821921368653603;0.034793007868382964;0.00126154982040091;968823146;0.00026597857155475426;355226480;1.0080714599851223e-05
"'Cali, Colombia'";476785031.72638124;21143;54637;5.168329943716596;19676;3.1471881946743605;5039799.981000001;92.241520965646;3011701.9119999735;90.5257721001525;33269;44.34493239740296;41.26807406003408;10570.38213375007;6316.687210365986;1.06498846338;0.000622288925087395;;;2.744246322660005;0.05132364280728364;0.00024445794833581657;0.029986283876460514;0.00013558298248994626;5420758475;0.00018020246609651346;369162494;7.110857264509754e-06
"'Baku, Azerbaijan'";229801927.62257814;12316;28340;4.602143553101657;9227;2.6196005196492367;2839976.729000028;100.21089375441173;1689370.1400000008;104.98198732289342;16092;53.59398037873529;40.1519695481155;12358.36774034527;7351.418491034535;1.06248921651;0.0017642907551164433;;;2.658486250947227;0.04629479542006222;0.0003737022779620271;0.0312790949442458;0.0004305490228947605;1430728373;0.00043403011294746265;276876570;1.222837916796132e-05
"'Yaoundé, Cameroon'";341903795.83066964;21163;51851;4.900155932523744;15344;2.531351887728583;5173180.557999985;99.77012127056345;2649636.3749999995;99.09628150946217;26738;61.89752865592966;44.87812123501322;15130.515136374914;7749.654748823705;1.06181065948;0.00030857649804246786;;;2.852438217644132;0.041877852375564434;0.0002315544812647582;0.028386019625446863;0.0005733650732037782;5814648820;0.00015666395971703268;2177328215;7.0956191590706316e-06
"'Paris, France'";120379644.25539263;10684;20898;3.912017970797454;10162;3.1398352676900037;1930336.2970000044;92.36942755287609;1568416.3750000035;94.36353859575257;16621;88.75254671240974;84.41626541477983;16035.404564784063;13028.916846377402;1.02142001913;0.002153316106804479;;;1.998436915013104;0.1071973259820634;0.00036619095486259016;0.06568166015938438;0.0030160746574125308;1758970671;0.0005026368672400431;361136;1.4184725307678462e-05
"'Dar es Salaam, Tanzania'";2524314714.4229865;65097;162981;5.007327526614129;47574;2.5379971427254713;21888834.559999917;134.3029835379579;11090140.655000012;134.4226886014886;82502;25.787988965108106;18.846303009755488;8671.198735615386;4393.327262894406;1.09034429647;0.0008405887802872727;;;2.8601456288309786;0.05959695962559343;7.692219992951196e-05;0.039620873465751764;0.0010973300100163232;5690705696;6.008736480829328e-05;3648327808;2.3084538434751804e-06
"'Phnom Penh, Cambodia'";850306949.8002781;26886;67505;5.021572565647549;19954;2.6376924793572862;7135316.59500002;105.70056432856856;3796164.858999959;107.20903891665846;35409;31.619170002450343;23.46681984039627;8391.459809514645;4464.464108980423;1.0424987265;0.0005481075475890674;;;2.90492573582285;0.04796876994226968;0.00018677971231713793;0.02507748766396413;0.0006809268701013559;6119680289;0.0001770409098303434;1633729079;5.580346762747838e-06
"'Chittagong, Bangladesh'";5844866687.727812;26167;59596;4.55505025413689;16875;2.3339702678946765;14219207.980999995;238.59332809248934;7277097.665999976;238.2964721330793;30538;4.476919902200953;2.887148826752821;2432.768571241392;1245.040828951557;1.14048790593;0.0012081347741459158;;;2.677158525733145;0.05143313426402549;0.00017408278889162026;0.023832817416338727;0.0002694407389623423;5316373077;0.0001608302473119826;1202226815;5.735456670378019e-06
"'Nagoya, Japan'";428720755.0158097;60715;181543;5.9801696450629995;59188;3.303417606851684;13433844.752000147;73.9981423244088;7621003.05500013;76.27181071668181;99919;141.618989259713;138.05723027759026;31334.719849298537;17776.146747826788;1.02344039231;0.0002974501908638725;;;3.0901313513960185;0.05171557946505678;9.849737531810181e-05;0.02320592306757113;0.0002186747327652319;658355712;5.522049206621004e-05;241798584;2.477953503047246e-06
"'Guatemala City, Guatemala'";282148156.0106257;17648;41605;4.7149818676337265;14424;2.8547144152311876;3808599.766000003;91.54187636101437;2323770.5229999935;92.4515823751738;25135;62.548698703298896;51.122077861309116;13498.581099557394;8235.994010581024;1.07625020819;0.002283379401514241;;;2.6164088470837443;0.046682451407771025;0.00026718319644322653;0.03839528558476919;0.0009202244036630928;412172096;0.00023422160304268817;282540334;8.558775288404563e-06
"'Ouagadougou, Burkina Faso'";566669997.6156111;38872;119539;6.15039102696028;36805;3.148384441243054;11104008.359000167;92.89025639331237;5718973.384000044;93.60175099428868;61099;68.59724383426422;64.94961821671369;19595.193685430197;10092.246648073631;1.02196876914;5.8558294782455936e-05;;;3.2034935171842926;0.04495273345374807;0.00015822569594194636;0.02892398984701953;0.0009259705807747619;1692532241;8.749270199732803e-05;304543720;3.861211580735198e-06
"'Havana, Cuba'";831155872.0544534;22249;60878;5.472425726998966;19592;3.129623803317003;7160089.240999998;117.61373962679453;4087132.579;117.39573686629326;34815;26.768745488141544;23.57199252117709;8614.616682309745;4917.408053554881;1.04124707497;0.0010348565984427873;;;2.9663460530061716;0.03881359284991911;0.0002459738280743884;0.046809380410891895;0.0007634235994196114;1485714308;0.0001974286525440891;327553811;6.748960803028275e-06
"'Houston, United States'";3750124088.5856123;62914;157058;4.992783800108084;54952;3.0587945449343548;21918274.89899971;139.5552910326103;13468526.624999877;140.6061930388654;95789;16.776511527043493;14.653381782021395;5844.679904249876;3591.488256613832;1.05150477937;0.006589922194348585;;;2.700593137722344;0.0324117203371743;7.936012906883029e-05;0.03683145700025903;0.0005005173891233709;1388461293;7.5726094968533e-05;151368912;2.409180442566748e-06
"'Lanzhou, China'";13358617680.672523;12686;28801;4.540595932524043;9457;2.6600977455462713;14338567.255000021;497.84963213082955;8361465.417999963;495.905665025797;16861;0.9496491555675197;0.7079325291031084;1073.3571090776336;625.9229523498883;1.15022944117;0.002187424047776119;;;2.6110607493824958;0.022893959064794356;0.00035795001438895265;0.03664144200956388;0.0002916656832068291;4213664754;0.00044487515017823206;4155876035;1.199114843588654e-05
"'Rawalpindi, Pakistan'";430025737.87974584;16565;40499;4.889707214005433;12637;2.6250528222155145;4098547.1419999935;101.20119365910253;2243699.0449999943;103.42486609200675;21694;38.52095012190248;29.386613141592612;9530.934502218395;5217.592454029883;1.06717470201;0.0010864465789278748;;;2.7875037730154437;0.046248203002806035;0.00029520087020068345;0.029522084716771892;0.0002649039921927932;5188947276;0.00025745493690505615;132937620;9.083693904789325e-06
"'Dalian, China'";23726037029.380547;14932;38024;5.0929547281007235;12738;2.91816233592285;23950891.463999897;629.8887929728565;13494800.62599996;619.2832190353797;21791;0.6293507837617099;0.5368785349287879;1009.4771172421634;568.7760079481039;1.11185515453;0.0015253524090048391;;;2.778196713992349;0.018595860855001884;0.00034109937231939567;0.048881596571122905;0.000667408996348544;5021237303;0.0002912207855757361;2168390366;1.017180226220056e-05
"'Medan, Indonesia'";409704589.25355947;43728;106312;4.8624222466154405;31565;2.5327707647274056;7867953.3640000215;74.0081398525098;4136595.935999999;75.01171319769337;55146;106.73055940053789;77.04331566680338;19203.966883394303;10096.53307407774;1.0520219927;0.0012134095868763638;;;2.8230508293691337;0.06642235800284903;0.00011119953910887587;0.02236781924625027;0.00021255946921879982;687148892;8.868284108079978e-05;395389329;3.439230187915212e-06
"'Karaj, Iran'";202987799.6355615;15017;34241;4.560298328560965;11652;2.68049543850303;3271592.3009999595;95.54605008615285;1983230.9390000065;98.8009235789372;20073;73.97981566853325;57.402464684674;16117.186879574452;9770.197728930718;1.04280340282;0.0003504570544084577;;;2.6333355530398994;0.04961623838935147;0.0003036959462280743;0.024534416550131898;0.0007628331377059523;5107718059;0.0003271644144167418;31006797;1.0025209906676726e-05
"'Nagpur, India'";10497624952.754965;39666;111083;5.600917662481723;34621;2.8971411284223265;18237961.28599967;164.18318992104707;9585677.388999946;166.80026082341385;57468;3.7785689790327455;3.2979840826675915;1737.3416718620106;913.1282011065094;1.09173727808;0.0007471890388268231;;;3.008335854383841;0.047343068477675214;0.00014120553794228055;0.04245785643456022;0.0002493376088218924;3206224126;0.00011292777764820463;5494587091;3.7832316518025537e-06
"'Minsk, Belarus'";531303559.8277009;5542;13267;4.787802237459401;4884;2.982677733670155;2585017.9640000104;194.8457046807877;1634617.4229999993;199.19783365829872;8206;10.430948367440344;9.192484992165037;4865.425642618165;3076.6167340006104;1.05664921405;0.0030903746137031732;;;2.593792854565148;0.027243317901418526;0.0008640682615880162;0.07726452544207786;0.0019958775011812984;275050716;0.0009469368168548156;275040705;2.7300576742842462e-05
"'Sana'a, Yemen'";675032190.7820827;15643;42872;5.4813015406252;14551;3.0198171706194463;4828363.909999987;112.62278200223892;2761835.4329999904;117.10135395378377;23585;23.17370965949971;21.556009029941844;7152.790601594737;4091.412929211816;1.06448802358;0.0006764321701810039;;;2.877732319035171;0.037221949716589015;0.00035042203942113424;0.041392011640685435;0.00037974708141677506;5927870145;0.00023246850743425;2366005153;9.60114630220139e-06
"'Jinan, China'";15458212302.747036;16018;38512;4.808590335872144;13690;3.0211012610812835;17106790.819999978;444.19377908184407;11087872.09300004;458.8401445479015;24165;1.036212964752301;0.8856134028879387;1106.6474237101775;717.2803604870691;1.0759601455;0.0015839218944744494;;;2.6286719107670606;0.023733279245704977;0.00030021791445795226;0.04204228576185128;0.00034020015333197;3103962374;0.00037737147372787154;2169140219;9.577347977530598e-06
"'Visakhapatnam, India'";13272036702.32257;22017;55605;5.051096879683881;19072;2.607757641822228;10684914.23599993;192.1574361298432;5612564.3090000395;195.5597320209073;28700;1.6589013799326735;1.4370062732468523;805.0696720971318;422.8864367153126;1.13950154467;0.0015106555165902346;;;2.734944209777381;0.07385488752827336;0.00022942845565420493;0.029201677491635346;0.0001265532510650389;3316943361;0.00020655404544358603;5988832959;6.823600118889334e-06
"'Isfahan, Iran'";365541488.42845356;76787;166732;4.342714261528644;50859;2.3968119603578733;8381431.183000012;50.2688816963751;4858870.229999993;52.96983756500118;91729;210.06370666740145;139.13331758497364;22928.809583376435;13292.253776416424;1.03951866732;0.00020392006333517262;;;2.6565102165733188;0.0853964310905065;5.655606831354997e-05;0.014998632581036075;0.0002570034949888811;3969870023;5.347787412271953e-05;317384841;1.9590455850340154e-06
"'Jaipur, India'";12727813604.647192;66019;174943;5.299777336827277;54775;2.7465426619609508;25306239.093000483;144.65419646971003;13469784.615999764;148.5927546470426;90649;5.18698670884802;4.303567109122379;1988.2628610903482;1058.2952449179224;1.07479162894;0.0004801563937968367;;;2.907366313738249;0.04880945025740135;8.027776268328735e-05;0.031021372635148352;0.0002192116152648826;4813242968;5.534800479118191e-05;2831609166;2.2731779963983248e-06
"'Tainan, Taiwan'";2373855680.4357204;9085;23370;5.144744083654375;8196;3.179746835443038;7657234.901999996;327.6523278562258;4769443.7929999735;330.5686022317697;14428;3.827107129921416;3.4526109011376915;3225.6530862880904;2009.154908745145;1.09098702837;0.0005990586221651691;;;2.7151128233351587;0.025310764552324925;0.0005663522769324893;0.05659616846188076;0.0006186447661929003;1546278674;0.0005373459969544628;59943474;1.6739029758269406e-05
"'Bucharest, Romania'";297533179.64741087;17034;41848;4.913467183280498;14849;2.901902078196548;4222230.400999971;100.8944370340272;2500480.708999991;101.46407681382856;24644;57.25075778165647;49.907038998462895;14190.788422331549;8404.039885444588;1.04103998518;0.0011709042248136113;;;2.6469149935423624;0.040370330319602916;0.00028846751501673156;0.0512958676484579;0.0010106895622392523;580927555;0.0002727746467080539;249657125;8.840791269042921e-06
"'Ankara, Turkey'";37001128305.31169;78730;214212;5.44168677759431;70288;2.9746729328083323;38212729.90600038;178.3874381734001;21254973.060000025;181.4446707016213;117143;2.127772951958817;1.8996177473298783;1032.7449906578865;574.4412139169489;1.09187512596;0.000999010326218886;;;2.909692408654422;0.041668978951377535;6.911921626844155e-05;0.04461281171938164;0.000230940157829223;114308075;5.5585434300071875e-05;5294554760;1.9077073413965154e-06
"'Shiraz, Iran'";333685512.6258568;39207;87237;4.450072691101079;27564;2.483995204937894;6286008.927000043;72.05668382681709;3671754.826999988;75.45890435479537;48659;117.49686011679101;82.6047249791932;18838.123589885065;11003.638719901288;1.03536902654;0.0004355949883650286;;;2.665668545582719;0.061445519400651724;0.00011350488933070892;0.01596823696448772;0.00027677906482587373;1431859990;0.00013050869441019126;948815230;3.83146349739494e-06
"'Curitiba, Brazil'";481330468.08353317;31780;85175;5.360289490245437;26551;2.9577092511013214;9078502.748000184;106.5864719459957;5035677.1999999955;107.1694304928917;46988;66.02532377918095;55.16168570361968;18861.267569757587;10461.995518484551;1.02916741256;0.0011270912826533608;;;2.966295888399369;0.040880643352023995;0.0001686739510446552;0.033300818124607424;0.0007245117113378672;370965131;0.0001418627420822168;266901836;4.727800322099942e-06
"'Manila, Philippines'";52807885.46840091;5430;14877;5.479558011049724;4898;3.1626151012891346;1285333.539999999;86.39736102708873;752178.5330000003;88.21139122786447;8527;102.82555250672162;92.7512994802804;24339.803205510183;14243.678312968761;1.02521755048;0.0;;;2.944122160834883;0.046480963522710576;0.0010093125826210459;0.03629834254143656;0.0018005931736192948;5877668579;0.0007210161440685206;26647647;2.7751905204229694e-05
"'Izmir, Turkey'";19796864801.128212;80558;224489;5.573350877628541;71785;2.946200253233695;29713393.361000087;132.36013061219074;16211475.829999926;136.56484200860865;118709;4.069230194238082;3.626079216134719;1500.9140921802293;818.8910715335109;1.12863647369;0.0007350026059183301;;;2.970491860937134;0.05193597098845812;6.918518412579679e-05;0.03942790701523783;0.00017748976589846072;5985416655;5.583796330162883e-05;2511166784;1.8641558949043372e-06
"'Vienna, Austria'";442609000.07343537;16306;36647;4.494909849135287;14316;2.9882865202992765;4581418.13700002;125.0148207765989;3003031.344000007;123.60188277905857;24296;36.840642637846486;32.344575003275494;10350.937591056429;6784.840216764142;1.04473808193;0.0018828280623243376;;;2.428415920520048;0.04518245699314569;0.0002756767770091785;0.04896123542020825;0.0011192851118013982;60215987;0.0003033273742962953;621033;9.24854140841665e-06
"'Almaty, Kazakhstan'";862980902.5477638;13872;35599;5.132497116493656;10740;2.7487745098039214;5944019.429000022;166.97152810472267;3211990.10199999;168.66152604494803;19044;16.07451562258902;12.445234846208626;6887.776324425714;3721.9712423731357;1.06280444896;0.0008427203011320542;;;2.9170955882353025;0.030184068868489025;0.0003700163734766281;0.03071655132641257;0.0005571056157291713;1660118309;0.0003375974891076139;334644909;1.0832034743860889e-05
"'Sapporo, Japan'";1108443856.899211;53761;165850;6.169900113465151;51507;3.1834973307788172;13410887.37300018;80.86154581248225;7057770.185999933;82.49781049899981;85551;48.50132883625914;46.467847405539324;12098.842254867232;6367.278001561142;1.06264408262;0.00042206813385589387;;;3.184122990850595;0.05471539023663776;0.00011476748722969055;0.03439995890098972;0.00020805554980608416;1468891378;6.0043368680608565e-05;335901090;2.7922980381319493e-06
"'Maputo, Mozambique'";721113364.7758234;19373;56503;5.833169875600062;17476;3.019047127445414;5029583.103;89.01444353397164;2639499.3249999983;90.41858471499035;29192;26.86540140054483;24.234747064260645;6974.746757832696;3660.311199225318;1.03372713255;0.00021237810381749642;;;3.0888022849672137;0.04811613203944928;0.00030111345630817347;0.030948571035289703;0.0003881407486380642;4783311893;0.0001888258388182601;4473235549;7.74787121529782e-06
"'Budapest, Hungary'";600031825.5474432;23325;61651;5.286259378349411;21062;3.03935691318328;7880202.53000001;127.81954112666477;4444870.191000001;125.82076573159341;35327;38.87293807910818;35.101471460757836;13132.974276506837;7407.724060210794;1.03220779843;0.00048661011175812235;;;2.811719899964356;0.03649565694204633;0.0002266446312102614;0.0522682590721175;0.000869424803084986;284226379;0.00018779627519163072;26672273;6.473068872170015e-06
"'Tabriz, Iran'";177290438.61609426;19327;44575;4.612717959331505;14971;2.6751177109742845;3687103.4940000377;82.71684787436989;2206636.7970000035;85.52855802325595;25800;109.01321103870016;84.44335812388783;20796.96752278961;12446.451225597493;1.04968336454;0.00020190689848569826;;;2.6600808885670024;0.0572959751246637;0.00023867939352850042;0.03280729894275726;0.0006396564695354097;4440037166;0.00024992209364907604;2042464456;7.774758053873463e-06
"'Kuala Lumpur, Malaysia'";294792487.3636696;25582;59625;4.661480728637323;21322;2.7613556406848567;5909499.058999989;99.11109532914028;3692504.1569999736;105.12766646737198;35124;86.77968773485352;72.32884457362782;20046.30142324407;12525.774282859287;1.10245059324;0.003740041928721174;;;2.5387297057828047;0.04444516092657637;0.00018222433558646412;0.05282229692752634;0.0006030328946822409;5725167631;0.00018825497426042416;33579786;5.942434437751964e-06
"'Bhopal, India'";2024791662.820856;51422;134176;5.2186223795262725;40146;2.648321729998833;10282608.136999834;76.6352263966718;5312104.652000019;77.94381248074214;68153;25.396193072210203;19.82722506080959;5078.353652777555;2623.5314721710256;1.06350472768;0.0010881230622466014;;;2.9472019109848313;0.08579877564766906;0.00010148815424678707;0.032678620045893295;9.000786973904369e-05;3719743973;9.224788135950706e-05;3692786090;2.91733997331459e-06
"'Warsaw, Poland'";594146509.8536515;19394;44276;4.5659482314117765;15455;2.72532742085181;5971729.751000062;134.87509601138453;3556667.024999985;135.00861771181238;26344;32.64178056819197;26.012102644189277;10050.938029529116;5986.178435813842;1.04554978953;0.001964947149697353;;;2.5696486885978724;0.05915001149664495;0.0002354431099578077;0.05862122305867878;0.0011297979841138055;31718360;0.00028014237619155375;32946682;7.794547884409287e-06
"'Patna, India'";4422968513.334941;6521;17439;5.348566170832695;5374;2.730256095690845;5015794.012000003;287.6193595963073;2531803.621;284.85639300180014;8888;1.474349179818857;1.2150210845493847;1134.033397904085;572.4218052574394;1.08546386082;0.0003440564252537416;;;2.938082093748409;0.030039481943331725;0.0008203322347903692;0.03292439809845134;0.00018529256561539617;3226256779;0.0006227683297221165;1777565596;2.303105158025987e-05
"'Caloocan, Philippines'";112701099.9453156;8953;24856;5.552552217133922;7468;2.8418407237797387;1937252.0950000025;77.93901251206962;992130.3769999987;78.65934963926098;12613;79.44021845699945;66.26377208051736;17189.291816495035;8803.200478800973;1.054597655;0.0013276472481493402;;;3.037901634461406;0.056163229944106455;0.0006202582905644889;0.041710413641609594;0.004025418735293441;166043895;0.00031446129305329564;250545368;1.677797362168271e-05
"'Pune, India'";19473496236.09759;68760;166157;4.8329552065154155;52206;2.553170447934846;42026603.03300226;252.93308757983266;22010029.027999893;250.55243298499525;87846;3.530953002293502;2.68087452643593;2158.1436904534107;1130.2556439351854;1.11310003192;0.002268938413669;;;2.7563314426994747;0.04149370916905758;7.028832889529876e-05;0.03375460539073071;0.00022615207107658705;763544512;6.586477388062307e-05;2376103754;2.1830480938394643e-06
"'Barcelona, Spain'";119284249.27617957;8801;16673;3.78888762640609;8138;3.1605499375071013;1704175.7489999935;102.21170449229254;1382998.871999997;100.08676161528419;13818;73.78174447510659;68.22359238023151;14286.678747118614;11594.144913448976;1.06435594249;0.0007197265039285072;;;1.9459663674582477;0.038549980929811725;0.0004305554120916024;0.04477521493769612;0.0008568397568046493;4541533775;0.0006493296540039098;21638865;1.753002185930233e-05
"'Oran, Algeria'";109736981.3991525;5766;16186;5.614290669441554;5395;3.132500867152272;1347625.5340000077;83.25871333251006;760520.5950000009;84.66220583324066;8983;52.5438181958642;49.163007139557294;12280.504865522165;6930.394706536683;1.04101390937;0.0004324725071049055;;;2.9511012833853796;0.05195293782448302;0.0009738578784807687;0.04356573014221326;0.0006918626463971869;578534181;0.0006575423384862433;321694985;2.614380194531521e-05
"'Montreal, Canada'";616882129.8891046;19738;50083;5.074779612929375;18739;3.249822677069612;6480040.089000038;129.38602098516537;4326796.61999997;134.59828967834164;32146;31.99638803534194;30.376953865349716;10504.502845892033;7013.976269304135;1.06552105807;0.011001737116386797;;;2.599758503056725;0.030312289526969297;0.00025712011009420725;0.05515394525426013;0.001093334155729046;110744815;0.00019978710774604417;31243662;7.672437255241928e-06
"'Davao City, Philippines'";2362947040.061048;19538;52523;5.3764970826082505;16039;2.748131845634149;7015985.229999919;133.57929345239074;3576529.650000003;132.98615490443976;26894;8.268488319355319;6.787710316006754;2969.1673622184344;1513.5885778919537;1.11661811563;0.002874930982617139;;;2.931819189954724;0.05019818825600896;0.0002751956330352195;0.0477530965298406;0.0004812908475826444;973612688;0.00020219677680646984;325063339;7.682013665732637e-06
"'Novosibirsk, Russia'";619023501.4874835;7102;18408;5.18389186144748;5599;2.7882286679808503;3553749.6509999917;193.05463119295914;1902184.5010000002;193.01719949264336;9855;11.472908513060066;9.044890842667321;5740.896173506342;3072.8792952596195;1.05295740333;0.000434593654932638;;;2.9428752464094647;0.026430253152281917;0.0007300227941765882;0.04387965831221246;0.0012138752021842625;279528170;0.0005797308482676064;314960454;2.1168701382594986e-05
"'Hamburg, Germany'";2447816434.6747026;21225;51463;4.849281507656066;18160;2.8432508833922263;7556560.523999995;146.83482354312798;4327147.827999987;141.00455643899852;30688;8.670993338935014;7.41885696278256;3087.061765317467;1767.7583035653709;1.07769920419;0.02386180362590599;;;2.601215547703209;0.043745011055689724;0.00022848103598082883;0.06922070783554721;0.000971116874252326;20834531;0.0001891510723483887;131118;7.100906726626546e-06
"'Kathmandu, Nepal'";523396802.3162547;15082;37430;4.9635326879724175;10905;2.5108738894045883;4429961.054000026;118.35322078546689;2236286.4600000097;118.2532103008836;18911;28.815613571301352;20.83505277781735;8463.86725023071;4272.640662119993;1.16265093918;0.0009885118888592038;;;2.8466582681342114;0.05920807211440512;0.0003291249047126393;0.027069796225080343;0.0002493575165169929;3478112385;0.0002353338188075787;1273357431;9.95243237587485e-06
"'Philadelphia, United States'";495689292.4883155;24810;61690;4.972994760177348;23656;3.3214026602176543;6839962.122999959;110.8763514832219;4566199.176999963;110.97553047683768;41146;50.05151488234906;47.72344361373839;13798.890205321899;9211.817253663186;1.03315744887;0.0033554871129842763;;;2.591750638183525;0.03315974139100072;0.00020045123786441223;0.0377844954991274;0.001045947774501689;110250592;0.00019788823852057155;109758248;6.06975275482659e-06
"'Recife, Brazil'";289871156.0172646;18046;47136;5.223983154161587;15886;2.9378809708522664;4153571.3509999886;88.11887625169697;2381695.4920000006;90.15085703470989;26419;62.25524556477495;54.803659040342176;14329.026068232204;8216.393534022916;1.0411537457;0.0012729124236252546;;;2.813973549078344;0.049015289230781973;0.0002894975424861139;0.036299826369648236;0.0007028360398035868;2372812651;0.00022530617565979383;1415650435;8.336665598178203e-06
"'Guadalajara, Mexico'";166446270.67733896;19825;50323;5.07672131147541;18461;3.3316015132408574;4343281.470000026;86.30807920831481;2910636.816000008;88.54725490554009;32871;119.10750489827045;110.91266824347899;26094.195155742516;17486.94521154135;1.01662244758;0.0016294736005405084;;;2.685430012610369;0.04225320366168681;0.0002560896545336895;0.02109962168978549;0.0009144904300604271;1612663405;0.00032506883683867553;130154244;7.618135590932202e-06
"'Kampala, Uganda'";214326261.17942777;13880;31895;4.595821325648415;9372;2.39178674351585;3534762.2320000273;110.82496416366287;1820034.9629999974;110.3720414190417;16490;64.76107931720072;43.72772589054792;16492.43640302588;8491.88966851018;1.06091204741;0.0006897632857814705;;;2.7492110951008426;0.036705829916607154;0.000331134903497966;0.018136407300672584;0.0006063680384310572;1732627222;0.00034908584702124314;2208581838;1.0836350819238916e-05
"'Harare, Zimbabwe'";1088896810.069758;28835;78719;5.459961851916074;24752;2.7959077509970522;11358993.342999948;144.29798832556241;5923347.013999984;146.1147787069238;40539;26.480929812029427;22.731263211630047;10431.652694686705;5439.768910352962;1.1109404322;0.007774489005195696;;;2.8870146234321656;0.03333796106627086;0.00018935846056451715;0.052335703138545075;0.0009487877759161582;2643741373;0.0001222574168854481;4072198784;5.202471520803817e-06
"'Kharkiv, Ukraine'";411438166.4722071;8076;21751;5.386577513620605;6796;2.8961119366022783;3660551.515000012;168.29348144912933;1948572.9590000084;167.36004114060023;11643;19.62870889992054;16.517670342231302;8896.966332478745;4736.004381187217;1.04543094374;0.0007355983632936417;;;2.9570538220240845;0.028007900405118445;0.0006670684227394655;0.047779428760111965;0.002630920797679981;384741847;0.0004263612064265511;393928203;1.8614079437491665e-05
"'Kawasaki, Japan'";275106632.45683724;24424;67655;5.5400425810678025;21170;2.9191778578447427;4735629.399999956;69.9967393392943;2540858.531999994;71.57146367707935;35501;88.78012057318172;76.95197971398039;17213.795820582225;9235.904308481699;1.05141760059;0.0007686054245805927;;;2.984885085708122;0.0615458331840084;0.00022683710359364099;0.03486597881864921;0.0004959066916534037;1642762192;0.0001238318390310562;36600124;6.15948488284488e-06
"'Yekaterinburg, Russia'";504970409.22989535;4707;11542;4.9041852560017;3807;2.807945612916932;2418677.2500000102;209.55443164096434;1391264.9819999982;211.72804474204813;6571;9.32133826847083;7.539055616755567;4789.740558637112;2755.1416015083846;1.05386606533;0.0018194420377750822;;;2.763826924438783;0.025804092641246664;0.0010421133140675067;0.045010976559733976;0.001042538866644431;4237863943;0.0010069637871494978;175336144;3.206821281825283e-05
"'Barranquilla, Colombia'";154940488.42956656;10512;30617;5.825152207001522;9749;3.2634132420091326;2770475.4349999875;90.48814171865263;1584131.617000003;92.66637127815169;17095;67.84540378403793;62.92093240968282;17880.900357813192;10224.129490337342;1.0170810346;0.00029395433909266093;;;3.0936707255200044;0.04501079671579095;0.0005541958145753505;0.023189370877727166;0.00047859555127807084;672575679;0.0003594795028480968;619319823;1.4320190728964979e-05
"'Porto Alegre, Brazil'";605938332.0870541;17752;43504;4.901306894997747;15085;2.9395561063542135;5142951.3930000365;118.21789704395081;3053859.009999977;117.07337588652393;26085;29.296710671622602;24.895272672455327;8487.582185609537;5039.884173495784;1.0415802805;0.0008275101140125046;;;2.701686194982769;0.03748197454667489;0.0002761144101739891;0.03952981823644335;0.0006490645640479919;297234267;0.00021535180833384373;293815452;8.479712753628763e-06
"'Munich, Germany'";365323633.59333634;14501;37279;5.141576443003931;13069;2.967174677608441;4647838.843000013;124.67713305077962;2738432.2189999977;127.32156495257568;21508;39.693572127725886;35.77376002601542;12722.524401949318;7495.907647870137;1.04785978185;0.004265135867378417;;;2.736231984001085;0.06582657119968056;0.00035459147882789906;0.055221478978462045;0.0011368008862886407;21093139;0.0002568663088074007;146607;1.041335944266063e-05
"'Milan, Italy'";210968006.20453516;13397;26445;3.947898783309696;12467;3.0763603791893708;2581030.472999983;97.59994225751495;1942465.045999995;94.80989096056203;20488;63.50251984185461;59.094268483123194;12234.226977988565;9207.391589588991;1.04204165992;0.0015882019285309132;;;2.057869921126618;0.05163087037562566;0.00029470728451102765;0.09611817855454408;0.001068745535510291;21227095;0.00039847447670706115;14461110;1.1358838068590784e-05
"'Semarang, Indonesia'";410659944.97284466;42790;113204;5.291142790371582;34973;2.728511334423931;8051275.706000022;71.12183055369087;4241162.008;72.6052317595097;58414;104.19813406157627;85.16291990033902;19605.700055632213;10327.67393050825;1.06750426075;0.0017667220239567507;;;2.9087921632777465;0.060494514075957184;0.0001236566124557701;0.038385915712392346;0.0004026155383300059;5577194778;0.00010076175286056277;79417781;3.507964407729724e-06
"'Kobe, Japan'";729182049.582715;36329;104247;5.739051446502794;32886;3.0404910677420243;9938852.31200011;95.33945640642042;5501524.994000001;99.76290200558519;55146;49.82157750700225;45.09984854786193;13630.138478707426;7544.789394018034;1.09105882717;0.0014101125212236324;;;3.01407002670027;0.05166935699542495;0.00015797873393816434;0.04965153117868355;0.000613539299287199;1162858619;0.00010468637247309926;291541919;4.141114519501109e-06
"'Kyoto, Japan'";1029274037.2683663;45902;122004;5.3158468040608255;39779;2.8544943575443336;8723537.04100011;71.50205764565186;4722826.316999987;72.21226135286362;65402;44.59648095449998;38.64762790050661;8475.427072999792;4588.502328820121;1.09448518325;0.0007294842792039605;;;2.838258318446348;0.08177121947529307;0.00011581113274358538;0.03858219685416542;0.00028976968560749476;1715352346;0.00010744462054362316;302505462;3.2719453916990745e-06
"'Sofia, Bulgaria'";191897093.5250683;7667;18319;4.77866179731316;6663;2.978087909221338;2224270.039000007;121.41874769365178;1394197.451000001;122.90174991184776;11344;39.953705703199866;34.721734850713545;11590.952203293487;7265.339069962888;1.04506138188;0.0008188219880997871;;;2.5886591887309303;0.033429192334110784;0.0006233579177294081;0.042070634610089294;0.0016180835284338349;246479106;0.0004911142684464546;93528838;1.9834829134534454e-05
"'Montevideo, Uruguay'";655018348.9912057;16959;46910;5.532165811663424;15673;3.2354502034318062;6119046.345000021;130.44225847367343;3470762.7199999965;126.5500882374388;27426;25.890877753453122;23.927573974283316;9341.79379008843;5298.7259446171565;1.0198161519;0.0005116179918993818;;;2.931875896770674;0.0369895729460042;0.00032622749213720225;0.043100025551821824;0.0008110874281371838;917617690;0.00023417957073072513;917605455;8.855181170578232e-06
"'Phoenix, United States'";1830386198.3832397;48692;125293;5.14634847613571;39613;2.8005627207754866;17292677.02300029;138.01790222119584;9494916.653000053;139.81000181114152;67913;26.602036249513414;21.641880841862626;9447.5564983361;5187.3843134234785;1.07580928178;0.004357785351136935;;;2.851666255921497;0.04293263622384473;0.00010569403947614969;0.04779645038003646;0.0008504266260280124;41623349;8.311366199737752e-05;41231518;3.09940768625516e-06
"'Prague, Czech Republic'";556741208.3684127;20697;48092;4.64724356186887;17030;2.806252113832923;5757183.645000052;119.71187817100665;3555350.141000024;122.45471312943529;29034;37.175261483975085;30.588718320147642;10340.86135257002;6386.001408840102;1.06646955477;0.0032437827497296848;;;2.5802072764168797;0.04040374330072777;0.00022454791079775773;0.060205412792744085;0.0009352886221120296;29745832;0.00024605291565033964;6935883;7.279292986190516e-06
"'San Antonio, United States'";1945408593.5509079;38687;99408;5.139090650606147;32699;2.918189572724688;15770210.84899995;158.64126477748218;9177640.075000063;163.27996148235238;56208;19.886310838889397;16.80829421048012;8106.374620364434;4717.589973347622;1.05973349112;0.0022030420086914535;;;2.8080578316574365;0.032078857506940006;0.0001328410962778883;0.051531522216762875;0.001139863322408935;4620708502;0.00011121618199165665;149465111;3.910143107787168e-06
"', 1,260,120'";1038244.0460521558;183;468;5.114754098360656;159;2.9836065573770494;27972.013999999974;59.76926068376063;14458.931000000002;59.25791393442624;244;176.25913743097647;153.14318498101235;26941.656064738763;13926.33172805468;1.04260289663;0.0;;;2.867941712204007;0.06040905438700783;0.028103044496487067;0.03187613843351548;0.002796508647542871;456156677;0.01115153955811357;4380549648;0.0009383795362528508
"'San Diego, United States'";1643379362.8164089;30709;75278;4.9026669705949395;23467;2.7557393597968023;10997139.896999996;146.08703601317777;6572696.184000006;155.872985604857;42167;18.68649485008208;14.279721731312522;6691.784104038641;3999.5002570409415;1.07747033505;0.0037726825898668935;;;2.8056302712559766;0.0332479248754635;0.00015965438877799776;0.04000781529844671;0.0007327221816678995;49295475;0.0001493423464220133;48948364;4.921679800073042e-06
"'Nizhny Novgorod, Russia'";368674287.71974015;4654;11933;5.128061882251826;3802;2.813064030941126;2243124.8590000086;187.9766076426723;1215308.9710000064;186.59741609089613;6513;12.6236088466736;10.312625877750973;6084.299702248813;3296.4299694365;1.05877573933;0.0005028073409871785;;;2.8697786850021583;0.026891846092949298;0.0011020979759836355;0.05673972210285096;0.0019153284134339227;304927622;0.0008571398395993974;426956720;3.231701369373789e-05
"'Luanda, Angola'";3224155796.1046453;133066;388745;5.84288999443885;120239;2.9888701847203643;35361119.68500015;90.96224950803264;18237289.50899975;91.68244959732026;198918;41.271578799252644;37.29317303626274;10967.559237591027;5656.454173533936;1.03275203553;0.000475890365149391;;;3.09163139952681;0.04808430444734946;4.391004392159156e-05;0.04153789061353434;0.00012956915178993352;644640556;2.6571274723883653e-05;2356031467;1.1278318367761146e-06
"'Rosario, Argentina'";191728549.24542263;12966;29778;4.5932438685793615;12496;3.4511800092549745;3152601.8030000115;105.87016599503028;2345286.9129999983;104.99560876572495;22337;67.62686126312278;65.17547881721288;16443.04833791088;12232.33014712852;1.01374854912;0.00010074551682450131;;;2.3700280220062533;0.032201879857373786;0.000354280282960255;0.02538176770013876;0.000671700504272544;549286406;0.0003385356427355586;258017954;1.161832711784039e-05
"'Auckland, New Zealand'";10754679946.167742;36718;83653;4.556511792581295;28711;2.637643662508851;16734258.577999767;200.04373516789317;8960109.768000143;182.04205136123818;49220;3.414141581506;2.669628491383484;1555.9978225072846;833.1358825041497;1.10531974313;0.020250319773349432;;;2.5616291737022503;0.04533861066719943;0.0001240981505182919;0.0840804691613625;0.0003523095492812884;354096404;0.00012393343694179303;316392510;4.093759412461633e-06
"'Qom, Iran'";150842110.09806213;14431;34399;4.767375788233664;12279;2.8095073106506825;3041557.796000001;88.4199481380273;1842968.2980000034;91.08274676287454;20234;95.6695712531364;81.40299808864678;20163.850757740598;12217.86341229179;1.03306670925;0.000930259600569784;;;2.61442611969602;0.04983343162619377;0.00033037947250411;0.031744161873743564;0.00043510376811546197;2646500360;0.0002521206464941788;1191366502;1.0430065179227145e-05
"'Ahvaz, Iran'";571899630.4767308;15828;40108;5.067980793530452;13587;2.9255117513267628;4156583.2420000224;103.63476717861829;2493827.434999978;107.8878405797092;23115;27.67618504457838;23.757665289403995;7268.029249354697;4360.603333352645;1.03120409397;0.0006482497257405006;;;2.813966809872795;0.041029649173000705;0.0003202110819188921;0.02475660974523733;0.00017906077576989712;4112337872;0.00029014664681126993;1673278483;9.491337705285315e-06
"'Omsk, Russia'";1277204964.163832;7871;20651;5.247363740312539;6259;2.80370982086139;3902548.1429999955;188.9762308362789;2057044.0929999969;187.08904893133214;10995;6.162675702684129;4.900544685948414;3055.5378756728674;1610.5826008488111;1.04766334358;0.0005810856617112973;;;2.9598716808537566;0.028038420670779586;0.0006667552401922629;0.03543810612798045;0.0011568967822081478;2371481228;0.0005365204402514399;454389461;1.9084703335354264e-05
"'Mandalay, Myanmar'";45845619947.29324;32891;90991;5.532881335319693;27382;2.8236295643185065;20107269.373000156;220.9808593487285;10464850.605000107;225.6425590797384;46378;0.7174294957252925;0.5972653446824346;438.58648647606094;228.26282242515424;1.078764041;0.0003297029376531745;;;3.06029359601907;0.05407840052463239;0.00016822381682336248;0.02502001560710657;7.479491361605862e-05;3700808295;0.0001360363452083511;2247003608;4.564562200019774e-06
"'Dallas, United States'";1754095872.7796016;36297;92815;5.114196765572912;32912;3.1395432129377085;13453608.515999895;144.95080015083656;8264625.775999887;146.07231969458434;56579;20.69271159191687;18.7629424997429;7669.825078991171;4711.615769840147;1.04662894279;0.002391854764854819;;;2.7241613172805392;0.032303714300469244;0.00014090248968403777;0.047229798605943625;0.0005866002268024703;82013342;0.00012377720504461477;81541643;4.1746826015474305e-06
"'Rostov-on-Don, Russia'";331743277.41901124;7827;20553;5.251820620927559;6797;2.9895234444870322;3025575.8960000146;147.20848031917552;1709381.6939999997;146.57706173898129;11662;23.593545168103105;20.488734701366653;9120.232727967339;5152.724441921246;1.03589717491;0.00029192818566632606;;;2.865359226608734;0.030684959712872505;0.0006710734246009672;0.03765171841062991;0.000792083634201467;1837676997;0.000555139473820534;906562378;1.91890006807204e-05
"'Monterrey, Mexico'";327359986.49772286;25706;68877;5.35882673305843;23424;3.0833657511864936;6318347.648000067;91.73378120417654;3694616.9169999766;93.39746491228011;39558;78.52517430433977;71.55425515073736;19300.916143103575;11286.098085862663;1.05151753467;0.0011034162347372852;;;2.8346903446666474;0.04990270088818818;0.00020847409971053984;0.03460235335089516;0.00016282743643725834;4751771382;0.00023839455781440275;293537866;5.863265554759493e-06
"'Campinas, Brazil'";1016231729.4898667;28342;73751;5.2043610189824285;25314;3.0088561146002397;8329345.452000034;112.93874594242835;4840115.664000009;113.62307300812266;42598;27.889308292142445;24.909672927362003;8196.305242487599;4762.807068058853;1.0512063777;0.0018982793453648087;;;2.782840542892777;0.055373748233205615;0.0001836336409788436;0.058343330275442744;0.0006350277003440372;1593747120;0.00014111080779083336;245978977;5.316676644843541e-06
"'Fez, Morocco'";99853871.53291708;11894;33201;5.5828148646376325;11197;3.0562468471498234;2400893.5939999917;72.31389397909676;1330905.7579999873;73.34834709286235;18145;119.11405954929963;112.13385948995358;24044.071172628806;13328.53436294907;1.05080085722;0.000843348091924942;;;2.916892270612585;0.06230872703205833;0.00046942023582253355;0.04593472499139182;0.0014768149084842615;3364810552;0.00033043615844214724;1585234464;1.2619533124195666e-05
"'Calgary, Canada'";980536304.0590783;32508;76800;4.7249907715024;28151;2.9636089577950044;10734749.508000148;139.77538421875192;6804793.048000001;140.13453835540273;48559;33.15328546778759;28.709798794256447;10947.834836468603;6939.868539115309;1.16297842246;0.013919270833333334;;;2.5050756736803153;0.03707432740780157;0.0001453530246255334;0.09689409786309669;0.001592540865920726;1454594435;0.00016116202935623976;29023368;4.647588304371103e-06
"'T'bilisi, Georgia'";570711221.1082743;11264;26983;4.791015625;8838;2.7130681818181817;3901040.5439999728;144.57401119223113;2174885.873000003;142.45666293312394;15267;19.736776820554248;15.485940477633031;6835.401863002575;3810.8342583076483;1.08502826858;0.0010747507690027054;;;2.675154516707228;0.03720812564588249;0.00042537650936690823;0.04106297348484795;0.0004233707395041792;1594679260;0.00041037153104635026;220806817;1.334680031950415e-05
"'Yerevan, Armenia'";266897996.45452458;9183;22609;4.924098878362191;7044;2.6706958510290755;3169744.978999985;140.19837140076893;1721208.3090000032;140.71356352191;12232;34.406402902933166;26.39210519963642;11876.241189918645;6448.936791825155;1.09570668192;0.0018134371268079083;;;2.8098878362190787;0.03447271660970643;0.0005362773772993267;0.03417339493785093;0.0008804676653458472;287884966;0.0004753580431575775;1360564994;1.6363084890751217e-05
"'Tokyo, Japan'";856995219135.2845;274796;744539;5.418848891541361;242800;2.9582926971280514;49064759.65999771;65.899515888352;27295829.65599978;67.19271169184057;406232;0.32065056357872274;0.28331546615276015;57.252080950351704;31.850620687874436;1.05571967004;0.0006205181998525262;;;2.900338324569391;0.06638470409135833;1.971960512950064e-05;0.03182313945097473;0.0001292246911819551;2451968314;1.1661780050804465e-05;271664600;5.465694282608449e-07
"'Astana, Kazakhstan'";820280708.6107285;5394;13306;4.933629959213941;4621;2.932888394512421;2598360.7860000026;195.27737757402696;1618386.2870000112;204.70355261826603;7906;6.575797703612423;5.633437372709123;3167.648292498218;1972.9664126089192;1.05043061023;0.0011273109875244252;;;2.6984210851563537;0.025279686334554796;0.000914821056779852;0.060165616116672725;0.0007686570311563147;315445403;0.001097975061087097;259996999;2.7963459871886827e-05
"'Bulawayo, Zimbabwe'";563611544.8006587;10787;31862;5.9074812274033555;10191;3.0409752479836842;4613064.314;144.78263492561672;2388304.342000011;145.3093418106602;16436;19.139068565061432;18.081602646383708;8184.829350207108;4237.5007468037575;1.07465274408;0.0037662419182725505;;;3.0263418930193073;0.02998252450369629;0.0005476989827001751;0.06370322301535876;0.00172804149384925;297016802;0.00029897174009780025;297031300;1.391407266242391e-05
"'Melbourne, Australia'";51593188.29725476;3560;7124;4.002247191011236;3354;3.2247191011235956;589384.0499999988;82.73217995508124;463495.55800000095;82.28218675661299;5633;69.0013569134169;65.00858176617986;11423.679548630636;8983.657984646457;1.03709908441;0.0011229646266142617;;;2.0792602996254668;0.0599255727460763;0.001124542621807061;0.05783440342429119;0.0013193986583127494;29897221;0.0015549139273357436;26033782;4.324175370376468e-05
"'Cologne, Germany'";458884074.50843203;16183;35757;4.4190817524562815;13166;2.743372675029352;4289429.157999964;119.96054361383686;2661435.547999989;119.62045700930328;22249;35.26598742250018;28.691342174172735;9347.522383719477;5799.799330257831;1.05388953963;0.006460273512878597;;;2.461873571031328;0.043042400856499026;0.00027308625339614025;0.06590043049290571;0.0007285388131618111;242847938;0.0003167389590584106;160165;9.33733879763354e-06
"'Islamabad, Pakistan'";1363358306.5388858;19825;47782;4.820378310214376;15865;2.7304413619167716;6513181.983999963;136.31036758611953;3823716.2109999787;141.54048532296792;27015;14.541298428238642;11.636706157074707;4777.307588740021;2804.6304428269664;1.06243150999;0.001653342262776778;;;2.7043018074822034;0.03747807599603633;0.00024315871217791527;0.028008406893652592;0.0002980403186698685;2500266863;0.0002238642939363755;107486318;7.620513256168168e-06
"'Birmingham, United Kingdom'";303906051.58313304;25560;56911;4.453129890453834;17956;2.460798122065728;4992491.21999991;87.72453866563424;2749991.3770000013;86.99200863596107;31612;84.10493922990572;59.084048858066794;16427.745331139686;9048.820721649057;1.05706955728;0.011034773593857076;;;2.619900886802285;0.08407336071915851;0.00017422942566042274;0.03614241001565061;0.0003698718321572478;17809559;0.0002171168465230223;205704;5.882466398838808e-06
"'Tripoli, Libya'";1002951914.5775973;48445;123165;5.0847352667973995;38198;2.661863969449892;13465918.351000024;109.33234564202512;7126292.834999883;110.62580078549291;64418;48.3024153958598;38.08557463703278;13426.28510427773;7105.318541618408;1.07484949184;0.0016400763203832257;;;2.831917638558931;0.04014114231917196;0.00010496109459983597;0.03773488836136979;0.0010248153362918436;6165684180;7.631522387087887e-05;277327523;3.101233588839328e-06
"'Belgrade, Serbia'";3788191221.5432644;33606;76762;4.5683508897220735;23209;2.4683985002678095;13178489.72800006;171.67986409942498;7041141.708999977;169.73559552105627;41483;8.871252277045643;6.126670656964599;3478.8343452818885;1858.7081003084895;1.07658438613;0.001146400562778458;;;2.7043766986052686;0.033357062895682306;0.0001359425945460663;0.0316877938463377;0.0002899564220783477;356056588;0.00013814445629859657;2875739251;4.474302569244646e-06
"'Hiroshima, Japan'";1146003393.5401714;35412;99330;5.6099627245001695;30753;2.9262396927595167;10058033.64099984;101.25877017013833;5336471.337999954;103.11224906287347;51754;30.900432057715967;26.834999070115757;8776.617676435591;4656.592963058178;1.11840285472;0.0011577569717104602;;;3.0054129485294703;0.05086664841254081;0.00015842429540259136;0.04406362115613067;0.0004974161893638876;1268376421;9.894720541930366e-05;257318762;4.2462560075573075e-06
"'Dakar, Senegal'";841130633.3413706;66469;198350;5.968195700251245;62386;3.050083497570296;12268321.562000126;61.85188586841505;6382149.279999992;62.96330298037738;101363;79.02339703876144;74.16921644165207;14585.512732147827;7587.5839340758075;1.03019671331;0.00017645576002016638;;;3.111111445436155;0.06932120437001957;8.97905112271535e-05;0.032502369525642096;0.00033509755728013363;1758343419;5.352942634663794e-05;4254567879;2.257361958407746e-06
"'Kinshasa, DR Congo'";8820473758.304243;56678;164182;5.793500123504711;47930;2.9279967535904583;18675837.744999558;113.75082375046934;9450301.8469999;113.88650092793324;82980;6.425731945139473;5.433948483195154;2117.328190837454;1071.405244882985;1.04633126701;0.0002314504635100072;;;3.171109895668136;0.04481606675407321;0.00010221959742948027;0.028046155474786467;4.0511426964070896e-05;435300543;7.10041734397812e-05;1212974935;2.6467853695656524e-06
"'Abu Dhabi, United Arab Emirates'";86997200997.88371;76794;178065;4.637471677474803;70943;2.9580305753053624;45719341.46100085;256.7564735405658;27891039.70399971;244.86444465514563;113904;0.8827180543643937;0.8154630170426489;525.5265794368835;320.5969776507888;1.06796965958;0.004526436975261843;;;2.405044447917071;0.04320348967311382;6.0389250028945086e-05;0.10504416887725218;0.0001096581914161566;2523503236;5.922039933500229e-05;6042620205;1.9678215459095657e-06
"'Sydney, Australia'";5639817723.521039;106192;249924;4.707021244538195;84504;2.674146828386319;36084893.376000494;144.3834660776896;19811440.036000177;139.21522357140975;142308;18.828977319093646;14.98346296682132;6398.237522022618;3512.78020092315;1.07594298663;0.003409036347049503;;;2.649606216413164;0.0439152950166972;4.432599038086724e-05;0.053337261528080174;0.0002518947824238094;1872212041;4.5992271869957756e-05;32873405;1.414376863826333e-06
"'Córdoba, Argentina'";181830503454.29474;143978;418456;5.812776952034339;131994;3.181930572726389;149763483.23900348;357.89541370897655;77493287.41899762;338.1608887157833;229161;0.7918253387897075;0.7259178052772552;823.6433403301241;426.18419872811097;1.06008571879;0.0008770336666220583;;;3.0772062894523216;0.038769595481754154;4.0372955069494084e-05;0.03724027943422424;0.0001780813321659601;1541649617;2.3688728267838986e-05;1863170032;1.0429161670107295e-06
"'Tunis, Tunisia'";200605172206.14404;215264;584258;5.428292701055448;187644;2.874804890738814;114854826.30500062;196.58237680100336;59866445.294999294;193.3633240150362;309606;1.0730730301349976;0.9353896409369494;572.5416999067928;298.42922112436804;1.08533944882;0.0007325530844250314;;;2.9226197407510686;0.056326012278184595;2.5217026154386253e-05;0.04369367934478405;3.4591188126638685e-05;297755860;1.8090526967917346e-05;6071938495;6.973664705861086e-07
"'Brazzaville, Congo Republic'";485330075679.29224;80830;231485;5.727700111344798;69155;2.898453544476061;57930117.64800057;250.25430437393598;29131650.079000104;248.70362216777454;117134;0.16654644756327183;0.14249065422786172;119.36230732644927;60.02440717943554;1.12199733054;0.00018575717649091733;;;3.122466699658051;0.043212927818369794;7.086194449197025e-05;0.026818130939124787;3.71919049463278e-05;619519444;5.151076169003944e-05;3225759923;1.8560241655797722e-06
"'Kano, Nigeria'";27066660659.7128;124885;372566;5.966545221603876;114903;3.0180325899827842;62256273.75000186;167.1013290262715;31478136.359999627;167.18611635737685;188282;4.613978856500917;4.245185671205708;2300.10914655116;1162.985591601001;1.05686780964;0.00016641346768089411;;;3.140371541817847;0.05178382475754184;4.7776698549081004e-05;0.05144573007166025;0.000449319753838435;2752625301;3.113351456039398e-05;4087235088;1.2013337601001954e-06
"'Saitama, Japan'";4166768066.516003;296875;851390;5.73568;259463;2.9218425263157894;72716539.23899846;85.40920052972017;37551006.75900067;86.60487271154932;433590;71.24826610477236;62.26960460915385;17451.544717198427;9012.02230591119;1.0585033627;0.0004780417904837971;;;3.067112645615981;0.05671759597516502;1.932025034190715e-05;0.035376280701756815;0.00022925286738485767;1516692128;1.1608153431015919e-05;263988670;5.060829252077563e-07
"'Fukuoka, Japan'";8703565742.154253;197097;573644;5.820930810717566;174594;2.965778271612455;71631328.04400715;124.87070037167155;37040425.2040001;126.63869480219803;292489;22.645546186362896;20.060054140153547;8230.112825720715;4255.775885577683;1.11355798197;0.0012551338460787527;;;3.089011731472677;0.043347280736926154;2.9533480185859723e-05;0.04491097808499597;0.00044244855551458243;1551638366;1.6471241328399235e-05;1335069405;7.61536766756369e-07
