city_name,hours_congestion,inner_time,inner_mile_speed,graph_area,n,m,k_avg,intersection_count,streets_per_node_avg,edge_length_total,edge_length_avg,street_length_total,street_length_avg,street_segments_count,node_density_km,intersection_density_km,edge_density_km,street_density_km,circuity_avg,self_loop_proportion,avg_neighbor_degree_avg,avg_weighted_neighbor_degree_avg,degree_centrality_avg,clustering_coefficient_avg,clustering_coefficient_weighted_avg,pagerank_max_node,pagerank_max,pagerank_min_node,pagerank_min,cluster,x-tsne,y-tsne
"albuquerque, nm",57,4,16,677097622.0430789,22985,57726,5.022927996519469,18919,2.9041113769849902,7197005.12999996,124.67527855732183,4183352.442999995,126.19464383107074,33150,33.946360541992306,27.94131803758767,10629.198649795384,6178.359378042296,1.0617598135700002,0.0017669680906350692,2.77690885360023,0.03796324605715815,0.0002185402017280775,0.047554202015807734,0.0006195316575372487,140886274,0.00017212108550618133,140740499,6.596245944858283e-06,0,1.458689,1.8431213
amsterdam,69,4,16,247568313.32650623,13227,30250,4.573977470325849,11337,2.9125274060633557,2961222.8920000037,97.89166585123978,1970730.576,102.14744083346292,19293,53.42767748534737,45.79342100637962,11961.23547561834,7960.350618057069,1.08975295542,0.007041322314049588,2.457754340868402,0.048697898332389765,0.0003458322599671091,0.06207504851188311,0.001025091615348529,46388344,0.00033729605984704676,46128874,1.1472315294910365e-05,1,-0.6037318,-2.2297068
antwerp,141,6,10,249469350.62888893,8058,18083,4.488210474063043,7168,2.9447753785058333,2158295.904000001,119.35496897638671,1433858.0829999966,121.54429795710743,11797,32.300561089715174,28.732988569257675,8651.547368681317,5747.63224173781,1.0552521583399999,0.003318033512138473,2.4019711260031493,0.0459570502582022,0.0005570572761651458,0.06691486721270708,0.0009144119074482092,338768932,0.0006848967029867059,21280953,1.8854922158656367e-05,1,-2.2527459,-2.0612528
"atlanta, ga",108,4,14,461645775.957844,14105,36697,5.203403048564339,11775,2.823679546260192,5497836.373000058,149.81705242935553,3030771.4479999836,151.75102383336588,19972,30.55372914597625,25.50656935085929,11909.209743320826,6565.14497876992,1.0759859419,0.014497097855410526,2.8233108826657145,0.03246715003268007,0.0003689310159220104,0.0537799834574037,0.0017869603928117868,69373735,0.00023869676139430635,68151642,1.0726810447705616e-05,0,-1.413365,2.2241113
auckland,150,5,11,10754679946.167742,36767,83730,4.554627791225828,28758,2.6379361927815705,16733304.665999735,199.8483777140778,8960365.961000137,181.78871903023204,49290,3.4186977375464647,2.6739986818712773,1555.9091251211414,833.159704040567,1.10527929559,0.02021975397109757,2.5604137768469704,0.04542906021191815,0.00012388151529200406,0.08447248891669834,0.00035306376483887797,354096404,0.00012377267553108956,316392510,4.088485187763143e-06,2,3.903775,-0.14510714
augsburg,82,5,12,149131508.62474582,4754,12180,5.124106015986538,4139,2.8586453512831302,1401553.461999995,115.07007077175655,774218.1670000005,114.32636842882462,6772,31.87790456785573,27.75402755707927,9398.104229782002,5191.513008482583,1.06052420902,0.0032019704433497533,2.7685317627261337,0.04134109666796247,0.0010780782697215221,0.06811807600617008,0.002762444478431098,9912418,0.0008209638878359545,9929865,3.186903744039426e-05,0,-4.417881,-1.1152653
"austin, tx",104,5,13,1143268916.2575707,25973,64829,4.992030185192316,21422,2.8359835213490934,9330299.266000027,143.9216903854761,5492941.829999987,149.83474713584252,36660,22.718189597090785,18.737498846836285,8161.071409640228,4804.59299810305,1.0667642686,0.004072251615789229,2.7498761534414173,0.03235094887880737,0.00019220815436593892,0.052337684005183696,0.0005090426475807193,1619354381,0.00017324964930527523,26546091,5.8217564858831525e-06,2,2.5059323,1.6040076
"bakersfield, ca",50,3,20,675695865.3925046,12313,30068,4.88394379923658,9514,2.7492893689596363,4287039.535999995,142.57814074763849,2422210.1500000064,145.88112201879102,16604,18.22269549162848,14.08029926966242,6344.628930812974,3584.7639064551176,1.06212018343,0.0016628974324863642,2.798377054062065,0.029761951510567864,0.00039668159512970183,0.02899645361271276,0.0006120892135171465,88946802,0.000390293108428785,27274430,1.2299195288877251e-05,0,0.07342332,1.5705537
"baltimore, md",94,6,10,242326867.4319122,12733,32405,5.089923819995287,11648,3.2018377444435715,3878822.32,119.69826631692638,2480962.626999997,122.37767607162223,20273,52.544730738854845,48.06730728392218,16006.571459063867,10238.083186120852,1.03768599031,0.0025613331276037646,2.7144728919605075,0.03310943928219882,0.000399774098334552,0.04347496007748882,0.0012260744543095602,49511609,0.0004673755214904296,37451063,1.188623361250473e-05,1,-0.18312083,0.045988236
barcelona,147,7,9,119284249.27617957,8802,16676,3.7891388320836175,8139,3.160645307884572,1704213.107999993,102.19555696809743,1383037.367999997,100.07506280752511,13820,73.79012781159963,68.23197571672453,14286.991940186654,11594.467638370612,1.0643519987999999,0.0007195970256656273,1.946218662425211,0.038558657061070235,0.0004305350337556583,0.044770128001211495,0.0008567511863456037,4541533775,0.0006492540488140997,21638865,1.7527965036965758e-05,1,-2.3682432,-4.978744
bari,133,7,9,195220786.43734884,6184,13593,4.396183699870634,5304,2.847671410090556,1495718.3909999928,110.03592959611512,943349.0979999999,107.81132548571426,8750,31.676954656591334,27.169237952548585,7661.675881425699,4832.2164622707505,1.07348299413,0.0015449128227764289,2.3805708279430884,0.0491929419578755,0.0007110114345577909,0.07771129797326301,0.0016427559461243732,310698762,0.0007969747585591097,279651456,2.45658424409323e-05,1,-3.194726,-2.690953
belo horizonte,202,8,8,381052179.86851513,29952,80369,5.366519764957265,27571,3.1333466880341883,8466112.220999995,105.34051961577221,4903116.742000021,105.12460586179589,46641,78.60340809580244,72.35492002568672,22217.724155052183,12867.310570672706,1.03655141536,0.0010949495452226604,2.855435601724636,0.03760296907834736,0.00017917664735593168,0.04581489112739029,0.0009204026876063439,28404508,0.00014851957812940257,73236574,5.0217658553385695e-06,1,2.9495049,4.8200736
bergen,42,3,18,556343855.4823151,11728,24528,4.18281036834925,7222,2.2644099590723057,3304200.0720000006,134.71135322896285,1768370.658999996,132.52178199940016,13344,21.080488055058265,12.981180485473294,5939.132857206571,3178.557004942439,1.1461350758600002,0.006033920417482061,2.596801102773958,0.04624852631660665,0.00035668204727122387,0.03572646657571582,0.00022522734624289809,4986677664,0.0003510163599279113,21557990,1.2801852313057249e-05,0,-3.8591774,2.6634452
berlin,154,5,11,1126811850.9986699,28576,74352,5.2038073908174685,25169,3.0033244680851063,10669936.98099997,143.50571579782616,6138182.109000038,143.13121392095232,42885,25.360045667494248,22.336470793853678,9469.138056671507,5447.388668800293,1.0414710076,0.002394017645792985,2.808049878686074,0.0515711379628981,0.0001821104948667217,0.05046309257185419,0.0006140554435977117,26804478,0.00016967461883529987,12696810,5.263131048750455e-06,2,2.8203022,2.642544
birmingham,134,5,12,303906051.58313304,25564,56918,4.452980754185574,17958,2.460726020966985,4992714.295999912,87.71766920833322,2750111.9430000004,86.98481601088058,31616,84.11810119222653,59.0906298392272,16428.479360616355,9049.217442936346,1.05705956963,0.011033416493903509,2.6198886454910446,0.08406303868135957,0.0001741963288418498,0.036058519793460704,0.000368869166132827,17809559,0.00021708280099771827,205704,5.88154378584169e-06,1,0.6328871,-3.6407006
bogota,272,8,7,638112575.4915035,57288,145293,5.072371177209887,50138,2.9635700321184197,11143263.8440002,76.6951184434226,6740220.406999998,79.42846848301298,84859,89.77726219527042,78.57234275845674,17462.84945946591,10562.744985566806,1.04137858279,0.00048178508255731524,2.749708074823215,0.06043294527548253,8.8543145516616e-05,0.02843834992452383,0.0004536402758208868,1062778141,6.551739751122617e-05,316848114,2.622567258179846e-06,2,4.220041,4.635438
bologna,147,8,8,166561536.09297964,5721,11526,4.029365495542737,4882,2.8133193497640274,1478356.2690000003,128.26273373243106,975619.0909999977,122.13558975963915,7988,34.34766593894983,29.310488570871016,8875.736281483003,5857.409302801924,1.0794097792100001,0.003643935450286309,2.1823253510458582,0.043139755985181126,0.0007044345271927776,0.08136106741245573,0.0009364607339428856,251845886,0.000939739835142572,6714672,2.6609250125481398e-05,1,-3.22256,-3.071247
bonn,104,6,11,160413759.87806383,5927,14019,4.730555086890501,4729,2.7057533322085368,1644730.9500000088,117.32156002568007,952296.389,118.31238526525033,8049,36.948201977843574,29.48001470444107,10253.054047546962,5936.500645105969,1.06111534066,0.01012911049290249,2.647950059051807,0.1440258501041492,0.0007982711925228875,0.05847252685450744,0.0005549844887616405,26789899,0.0008126606081457109,30963208,2.5443436220503807e-05,1,-4.167429,0.4046367
bordeaux,223,9,7,63047062.41127865,4308,8873,4.1193129062209835,4014,3.0724233983286906,813968.5690000027,91.73544111349064,591290.7489999982,90.93982605352171,6502,68.32990840869583,63.66672524431408,12910.491589444611,9378.561448950564,1.03252768468,0.0015778203538825651,2.14938486536676,0.03957089211045935,0.000956422778319256,0.05739709068399914,0.0017013433639984476,258606363,0.0011027240795886855,35258412,3.533593585037023e-05,1,-3.328776,-4.4887695
"boston, ma",164,6,11,240486408.65460944,11147,25626,4.597829012290302,9616,2.947250381268503,2621594.7450000043,102.3021441114495,1735797.4259999988,106.1195467383994,16357,46.351891827739436,39.985627685973135,10901.217909429477,7217.860816795595,1.04012855016,0.002536486381019277,2.482850393229862,0.03743543175522261,0.00041250933180429864,0.04739092730480502,0.0010550102284661294,61345566,0.0004417465904757577,61338328,1.356417032598753e-05,1,-0.8519462,-1.7949232
bremen,96,5,12,1070927015.4553852,9148,20787,4.544599912549191,7454,2.739724529951902,2967933.681000015,142.77835575119136,1780803.274999999,141.99850689737653,12541,8.54213206687109,6.960324926372661,2771.3687657211403,1662.8614735643366,1.07098681296,0.009044114109780151,2.515608147500359,0.04852506080800398,0.0004968404845904976,0.06446946509255187,0.0004982580858698924,249796792,0.0005042926422392105,21701583,1.6578223850032355e-05,0,-2.6986916,0.22019339
bristol,149,8,8,133556890.80845842,11804,27167,4.603015926804473,8714,2.507793968146391,2226473.0759999845,81.95505856369803,1197878.5830000006,81.0362997564606,14782,88.38181188965228,65.24560393141562,16670.59679603576,8969.051134306106,1.0547716030299998,0.001914086943718482,2.651099909635154,0.07892227296576783,0.00038998694626821736,0.043403366090589916,0.0010154963405141835,616932685,0.00030722770669372684,305893,1.2744033978601205e-05,1,-0.37717575,-4.6951795
budapest,162,5,11,600031825.5474433,23324,61649,5.286314525810324,21062,3.0394872234608132,7880195.713000013,127.82357723564068,4444996.428000001,125.82433911738899,35327,38.87127150084112,35.10147146075784,13132.962915442795,7407.934444051493,1.03222232934,0.0004866258982303038,2.811772566169408,0.036495147811001216,0.00022665671336489013,0.05234195719103955,0.0008723002903509553,284226379,0.0001877953142097245,26672273,6.473006125255968e-06,0,2.1459553,3.3589835
"buffalo, ny",72,6,11,112073797.3326512,5104,13901,5.4471003134796225,4681,3.1238244514106586,2054228.0599999856,147.7755600316514,1198806.4969999993,151.61331693436188,7907,45.54142111247103,41.76712230162164,18329.24473775739,10696.581409138556,1.02252459375,0.0016545572260988418,2.8926234326018934,0.03246845100206914,0.0010674309844169493,0.035089786128187486,0.0013171726267600444,111319916,0.0006488544984125023,111315703,2.945017507205094e-05,0,-1.7300663,4.4373484
"calgary, ab",88,4,14,980536304.0590783,32508,76800,4.724990771502401,28151,2.9636089577950044,10734749.508000147,139.77538421875192,6804793.048000001,140.13453835540273,48559,33.15328546778759,28.70979879425645,10947.834836468604,6939.8685391153085,1.1629784224600002,0.013919270833333334,2.5050756736803157,0.03707432740780157,0.00014535302462553339,0.09689409786309668,0.001592540865920726,1454594435,0.00016116202935623978,29023368,4.647588304371103e-06,2,2.7075584,-0.09788392
cali,125,5,12,476785031.7263813,21143,54637,5.168329943716597,19676,3.1471881946743605,5039799.981000002,92.241520965646,3011701.911999973,90.5257721001525,33269,44.344932397402964,41.26807406003408,10570.38213375007,6316.687210365986,1.06498846338,0.0006222889250873951,2.744246322660005,0.05132364280728364,0.00024445794833581657,0.029986283876460518,0.00013558298248994626,5420758475,0.00018020246609651346,369162494,7.110857264509754e-06,0,0.74232644,5.691488
campo grande,121,5,12,6969536467.195543,25540,77006,6.030227094753327,24336,3.2990211433046204,10030029.400000267,130.24997272940118,5378009.133000043,127.62242840531664,42140,3.664519171427334,3.491767367104761,1439.1243158293175,771.6451672666389,1.03325590589,0.0007272160610861491,3.145172931349535,0.03935915477792668,0.00023611837169643413,0.03194857739493676,0.00014883847636032522,2084383353,0.00015778952795499735,1897008138,5.875656684324193e-06,2,5.441941,1.5442324
cancun,77,5,13,309612159.17270046,13509,35162,5.20571470871271,11453,2.9555851654452585,3264422.374000003,92.83949644502596,1886540.497999999,94.92982931615757,19873,43.6320073349081,36.99144126187745,10543.585829195814,6093.237756039466,1.0555207857100002,0.002417382401456117,2.8412971599180623,0.04770009496813387,0.00038538012353513313,0.027729661707010047,0.00032148983993121025,5664342886,0.00033352146427162937,270814271,1.1177371537095875e-05,0,0.35494828,5.62186
cardiff,143,7,9,147775475.77964416,10930,24140,4.4172003659652335,7331,2.3789569990850867,2137761.5659999964,88.55681714995842,1178303.306000003,90.31912509581501,13046,73.9635581772601,49.609043458142146,14466.281057269109,7973.605226330203,1.06406962671,0.006006628003314003,2.6511649893260407,0.07924403146984009,0.0004041724188824089,0.03128087831655978,0.0002196426756553252,260303987,0.00035442109146046437,326062,1.3757348230888916e-05,1,-0.050585665,-4.1225185
"charlotte, nc",95,5,12,1026252790.1146797,29415,68793,4.677409484956655,20975,2.5671596124426315,10374070.279999927,150.80124838282862,5767078.337999977,152.83101465482912,37735,28.662528651164976,20.438434079829523,10108.68898962084,5619.549484835535,1.0711369014299998,0.008053144942072595,2.753599637373231,0.032408068855317974,0.00015901983698098202,0.0385302283415495,0.00111563698333649,1710227932,0.00015376825246348134,172129631,5.139349562968048e-06,2,2.5469952,1.1353854
"chicago, il",138,5,12,868765383.1011676,28673,76245,5.3182436438461265,26549,3.3687441146723396,10557393.270999942,138.46669645222562,6920105.033999975,144.40652394566004,47921,33.00430767354945,30.559458878563966,12152.17995140874,7965.447482837987,1.01652890999,0.001245983343170044,2.83234517955335,0.028336628030062105,0.00018548561815868336,0.02287567696837757,0.0005109697486344012,261136269,0.00013689584260407546,26698351,5.258814211982466e-06,2,2.7231097,3.6091824
christchurch,68,4,14,526379063.86326194,10606,24705,4.658683763907223,8098,2.6140863662078067,3859107.364999982,156.20754361465217,2079167.51,149.6019218592603,13898,20.148977662901753,15.384350472768094,7331.422600049434,3949.9434015105653,1.06352811586,0.004695405788301963,2.661410208058312,0.03800105571497854,0.00043929125543677814,0.05155258030045823,0.0005567010176090453,1605835857,0.00035008637289134936,30128061,1.4175525096890698e-05,0,-1.6486052,0.5463956
"cincinnati, oh",60,4,16,376851197.943139,8287,20486,4.94412935923736,6533,2.743453602027272,3062729.234999988,149.5035260665815,1681788.8580000012,149.95888167632646,11215,21.99011186704621,17.33575489651416,8127.158018115432,4462.739848458057,1.04849802361,0.0044908718148979785,2.8155987289328746,0.06451548858503531,0.0005966846921600258,0.04614456377458635,0.0011695992412532625,197579710,0.0004598935226723085,191259002,1.829036926020749e-05,0,-1.8340362,0.69561636
"cleveland, oh",62,4,15,337140025.5376148,9190,25315,5.5092491838955375,8351,3.0190424374319917,3836428.1840000167,151.5476272565679,2145400.857000017,156.8848889945168,13675,27.25870351746376,24.770123294269837,11379.33171204552,6363.530564426132,1.0272259249299998,0.0012640726841793403,2.923975335509588,0.028462574513604358,0.0005995482842415733,0.03452976838178138,0.000998833561383989,1330139077,0.00047199542780162237,30809377,1.6474658678762427e-05,0,-0.42416346,3.3676524
cologne,99,4,13,458884074.508432,16183,35757,4.4190817524562815,13166,2.7433726750293523,4289469.327999965,119.96166703023087,2661434.8379999893,119.62042509775671,22249,35.26598742250018,28.691342174172732,9347.609922168145,5799.797783026103,1.05392710074,0.006460273512878597,2.461873571031328,0.04304233992569107,0.00027308625339614025,0.06590043049290571,0.0007285388156079048,242847938,0.0003167389590584105,160165,9.337338797633459e-06,0,-0.34350428,-1.080529
"colorado springs, co",50,4,15,656271572.9371027,19985,49373,4.9410057543157375,15597,2.7408556417312986,6223223.337000023,126.04507194215508,3527217.092999985,128.84811298630086,27375,30.45233227238288,23.76607587952743,9482.695264627071,5374.630318381985,1.0807709280700002,0.0066230530856946105,2.7754824451672566,0.04561602228312653,0.00024724808618470893,0.054314545432885414,0.0008826463748863902,55734370,0.0002221350432634856,32658073,7.570121496137862e-06,0,1.1210519,0.99537647
"columbus, oh",71,4,14,1037421461.9750527,24217,62478,5.159846388900359,19569,2.78779369864145,8689385.013000095,139.07911605685354,4848309.881999967,145.15463255591047,33401,23.34345383012941,18.863114671586175,8375.944909079828,4673.423540679125,1.09920248533,0.009539357853964595,2.82379320312185,0.033751285932922,0.0002130759162908991,0.044961528402913384,0.0013321896807224171,229979100,0.0001500248452624514,229576284,6.2631196587494625e-06,0,1.9832349,1.114307
cordoba,33,4,14,1133872019.1675189,7203,15561,4.320699708454811,6336,2.9078161876995696,2606110.796999997,167.47707711586642,1587817.383999996,151.74095795106996,10464,6.352568789278699,5.587932229469644,2298.417063782371,1400.3497371473727,1.08484481563,0.002442002442002442,2.3143944652691157,0.04296915683521856,0.0005999305343591785,0.064440742283307,0.000268869646597094,540111026,0.0007575045638915435,33242405,2.106224542407323e-05,0,-3.161207,0.65001047
"corpus christi, tx",66,3,19,922919595.0421467,10778,28616,5.3100760809055485,9314,2.9213212098719614,4622397.195000022,161.5319120422149,2625237.8779999944,167.0104890896364,15719,11.678157076627894,10.091886714762683,5008.450595080204,2844.492512785047,1.0561908764399999,0.001502655856863293,2.867704274138634,0.027013001250289454,0.0004927230287561288,0.04488773427351953,0.0007397667331415247,227534016,0.00043319752086697186,227454676,1.395826410975295e-05,0,-0.15082091,1.6682224
coventry,90,3,17,107034591.17564626,9186,20158,4.3888526017853255,6331,2.410080557369911,1727032.0050000178,85.67476957039476,937361.4660000013,84.82141579947528,11051,85.82272234707341,59.149102458014546,16135.269785502505,8757.556372236422,1.0555951751000001,0.002678837186228793,2.6119820015966657,0.09009550817850924,0.0004778282636673843,0.0409971696059217,0.0008689625066383879,1108146235,0.0003999059296021667,276553963,1.6370900213321385e-05,1,0.98464376,-4.5221653
curitiba,104,5,12,481330468.0835332,31777,85171,5.3605437895333115,26550,2.9577996664254016,9078228.826000176,106.58826156790659,5035504.586999994,107.17259948919857,46985,66.01909105509858,55.15960812892556,18860.698476342204,10461.636902083872,1.0291684032100001,0.0011271442157541887,2.966402849020737,0.040875377901506665,0.0001686978785729311,0.033303961985084306,0.0007245276455515387,370965131,0.00014187612318059038,266901836,4.7282456735034305e-06,2,2.3390603,4.4377327
"dallas, tx",76,4,17,1754095872.7796016,36297,92815,5.114196765572912,32912,3.1395432129377085,13453608.517999895,144.95080017238482,8264625.776999886,146.07231971225872,56579,20.692711591916872,18.7629424997429,7669.825080131359,4711.615770410241,1.04662894295,0.0023918547648548194,2.7241613172805392,0.032303714296746465,0.00014090248968403777,0.047229798605943625,0.0005866002268024702,82013342,0.00012377720504461477,81541643,4.174682601547431e-06,2,3.7056692,2.2455416
"denver, co",83,5,13,733858609.1562102,17018,48651,5.71759313667881,15809,3.2808790692208256,6545622.483999997,134.5424037327084,3756321.614000005,136.1923648163593,27581,23.18975315908235,21.54229684404353,8919.459964537513,5118.590375766008,1.03054471813,0.0011716100388481224,3.018606769303105,0.032216035157006565,0.0003359930150249261,0.05164139930270046,0.0009063030716760975,480627379,0.00030152709518928533,175853555,8.894120279973364e-06,0,1.0328774,3.0550034
"detroit, mi",66,3,18,457053238.6083831,20718,59876,5.780094603726227,19646,3.383579496090357,8496684.540000008,141.9046786692499,4939805.963999987,142.17314617930597,34745,45.32951142208578,42.98405161686925,18590.141852774883,10807.944341539956,1.0116977731799999,0.0006513461153049636,3.0375711941307304,0.02943140642646018,0.00027900249088801365,0.021053925962700733,0.0004772772611554825,62685658,0.0002186477391841163,62550519,7.2695799673661026e-06,0,1.1178454,4.166402
dubai,80,4,14,5302663815.13784,45987,97123,4.22393285058821,42714,2.9237610629090827,15623073.942999855,160.85864257693706,10694962.638999946,158.41338170426354,67513,8.672433630191318,8.055196687759409,2946.2689862404077,2016.9037698502366,1.09453870865,0.008103126962717378,2.161241945187376,0.0440212195360788,9.185258232045672e-05,0.12206824495948393,0.0007350005513327793,2098041105,0.00010956598441644643,2109525809,3.3049777436241544e-06,2,4.322159,-0.033198614
dublin,246,10,6,138395568.17040035,11110,25786,4.641944194419441,8012,2.5088208820882087,2455685.9310000027,95.23330221825807,1331536.0360000005,95.5670735663533,13933,80.27713709965589,57.89202722254211,17743.963650457543,9621.233205679962,1.06206759451,0.005080276118824168,2.695316531653149,0.05155662794000082,0.0004178543698280571,0.03744374437443702,0.00047537270817422684,11675288,0.00038384093888962185,10400271,1.3573356915834787e-05,1,-0.8123485,-4.817359
"durham, nc",55,5,13,835680221.0748732,12629,30385,4.811940771240795,9266,2.6140628711695304,5577541.166000029,183.56232239591998,3059211.4970000107,184.6123647939177,16571,15.112239923252295,11.087973325588386,6674.252932331046,3660.7441696599867,1.0727464520899999,0.010037847622181998,2.7891400744318395,0.031533450058378334,0.00038105327615153264,0.04806737327918737,0.0014359527336721605,170500154,0.0003092990429045708,170505906,1.1949998301119452e-05,0,-1.0402303,1.2646993
dusseldorf,100,4,14,279082990.4177594,8725,19787,4.535702005730659,7396,2.8252148997134667,2315758.4050000003,117.03433592762929,1446909.9869999974,116.79932087504015,12388,31.26310201470733,26.50107765051867,8297.741118272887,5184.515132341522,1.06585454947,0.012381866882296456,2.4552798471824264,0.05740230356430431,0.0005199108213813127,0.07690926456542563,0.0012332417492762248,47961797,0.0005686606468135553,164721,1.7356939053907765e-05,0,-2.130655,-1.1892358
"edmonton, ab",89,4,14,926761228.402415,22799,56982,4.998640291240844,19190,2.9517522698363963,8632164.770000014,151.48932592748614,5190555.233999992,153.2764952161585,33864,24.600727027933345,20.706520095883192,9314.335241322575,5600.747069390961,1.11897264861,0.010319048120459091,2.6989634048277407,0.03491110257722994,0.00021925784240898428,0.08052692369548065,0.0015407875131320946,3844047733,0.00021030775810132186,251227141,6.623167618981978e-06,0,2.4872065,0.13532586
eindhoven,82,4,14,100195822.31021509,7227,17672,4.890549328905493,6256,2.8722844887228454,1732979.250999996,98.06356105703917,1069470.4510000048,102.65602332501486,10418,72.12875580405509,62.43773298881536,17295.92323355099,10673.802822724783,1.08795664646,0.009449977365323676,2.6159379179927247,0.04630418604859863,0.0006767989660815762,0.0644988699783212,0.0005612765754188782,1283213042,0.000535876009382325,29832713,2.0910998149601832e-05,1,-0.8892393,-3.2485652
"el paso, tx",66,4,13,989144879.3105512,21079,55372,5.253759666018311,18156,2.9885668200578777,8011516.999999963,144.68534638445357,4693330.5769999735,149.15087478946114,31467,21.31032616242464,18.355248437069204,8099.437370169789,4744.836348211494,1.05263152581,0.002510294011413711,2.8586768822051103,0.031874645192280567,0.00024925323398896834,0.04601420054714918,0.0009290443744204927,179358115,0.00020759715086917011,141917401,7.141235188095357e-06,0,1.6256922,1.9965823
florence,195,7,8,119667669.91660659,6010,11752,3.9108153078202994,5313,2.8948419301164727,1263806.1340000054,107.539664227366,875401.7790000009,101.46056780250359,8628,50.222420175710106,44.39795647147218,10560.965504557082,7315.2738714645875,1.07471597382,0.0014465622872702518,2.069462007764841,0.05117922229239813,0.0006508263118356487,0.07659456461453018,0.0018837146972112363,267210334,0.0009314646337988967,29365071,2.523246202588241e-05,1,-3.0340846,-3.7911026
frankfurt,107,6,11,276536969.51527685,9454,20059,4.243494817008673,8301,2.9346308440871587,2435102.7799999937,121.39701779749709,1677590.6949999987,121.10819340167477,13852,34.18711073810957,30.017686295435535,8805.70429432391,6066.424673491341,1.0642650901200001,0.00558352859065756,2.2738523376348634,0.04204678071609573,0.0004489045611983883,0.08135180875819886,0.0005813153301977188,3258617001,0.0005000443515518591,165130,1.6133309078257382e-05,1,-2.3130744,-2.0937126
genoa,148,7,9,288999538.73975915,9092,18200,4.003519577650682,6247,2.422789265288165,2313016.467000009,127.08881686813237,1350152.6889999951,122.78580292833712,10996,31.4602578247962,21.61595145529057,8003.529960934831,4671.816068937717,1.23263807937,0.0015384615384615385,2.3792418243144184,0.05197483681560765,0.0004403827497140832,0.036794251356503695,0.00021125117515601597,1250493708,0.0005452149708388909,60339602,1.65880975421628e-05,1,-4.9894915,-2.787047
goteborg,68,6,10,679740826.2820978,14672,31390,4.278898582333697,10268,2.4858914940021815,4249470.686999959,135.37657492831983,2419773.2809999897,132.3509971558273,18283,21.584697332731643,15.105757375442236,6251.60432137468,3559.846911410562,1.0934040669,0.005861739407454603,2.5522821246819145,0.043305462411209764,0.0002916569137982183,0.04719452666562846,0.0005745015928437531,6051619374,0.0004347945103466346,147288,1.029413564549462e-05,0,-3.8496497,2.6851544
graz,100,5,13,139029598.46903306,5092,12043,4.730164964650432,3786,2.605852317360565,1677207.1110000075,139.2682148135853,920580.2489999993,139.7571351146196,6587,36.625294585268996,27.23161141002129,12063.669387447613,6621.469522585478,1.06722866471,0.0014116084032217884,2.7100320764598207,0.04585865332669402,0.0009291229551464537,0.033817753338570365,0.00022123771351062612,21424572,0.000691271196613804,21141023,2.9653506984357506e-05,0,-3.0042374,-0.51388633
"greensboro, nc",43,3,17,561477995.4204061,10466,26113,4.990063061341488,8360,2.7716415058283967,4220458.458000015,161.6228873741054,2381090.4499999904,165.7333089719489,14367,18.640089345199698,14.889274500847462,7516.694318251866,4240.754703516299,1.06027348074,0.00827174204419255,2.7808793553729303,0.027496960260029027,0.00047683354623427783,0.048474425122618583,0.001899713293196768,171349301,0.0003692333996986792,171083158,1.4531319305832944e-05,0,-1.1173632,1.6568595
guadalajara,181,6,10,15067604106.18371,25233,61803,4.8985851860658665,21395,2.745095708001427,13363038.46099996,216.21989969742503,7086581.245999969,204.71981875433238,34616,1.6746524412361246,1.4199337764136997,886.8721507964098,470.3190498011329,1.13541358826,0.0016504053201300908,2.671948770789667,0.0595010409011196,0.0001941417718003036,0.06525751425287472,0.00029312642986320373,2271671421,0.00022508923758112983,1655921759,5.961786290775212e-06,2,4.8746142,-0.3958982
guadalupe,31,4,16,4442228098.656628,20888,48099,4.605419379548066,15151,2.51254308693987,8601920.682999875,178.83782787583684,4502611.168000003,170.98090559732682,26334,4.7021448552623255,3.4106758283262875,1936.3977922703202,1013.5929691142238,1.12000284421,0.004199671510842221,2.673246999872421,0.03782804640608473,0.00022049214245940967,0.049813289927232635,0.0002278862692898148,248730047,0.0002120399665400045,1231556518,7.188102144425654e-06,0,3.5562093,0.49518916
guayaquil,167,5,12,1706219589.5506551,36971,103995,5.625760731384058,33025,3.1235292526574883,8414326.342000015,80.91087400355799,4842498.085000003,83.84987680080349,57752,21.668371542807442,19.355656330670406,4931.5612090797695,2838.144699930042,1.04630442713,0.0004807923457858551,3.0188399917051028,0.052970340470459606,0.00015217096920169265,0.023941544917445542,0.0001443963299107844,415313210,0.00010425390226506676,415546903,4.062221655566118e-06,2,3.573473,3.332292
hamburg,139,5,12,2447816434.674702,21220,51459,4.8500471253534405,18159,2.8435438265786988,7556494.679999995,146.844957733341,4327123.180999988,141.02213469560644,30684,8.668950702106054,7.418448435416767,3087.0348662415936,1767.7482345913863,1.0776993583399999,0.023863658446530246,2.6016281809613857,0.04369130954623837,0.00022857095647074165,0.06932341456846483,0.0009719140339453119,20834531,0.00018919580715451298,131118,7.102587884165731e-06,0,-2.3519099,2.979062
"hamilton, on",50,3,19,1277101001.1379173,12705,32460,5.109799291617473,10316,2.7899252262888625,6116084.579000006,188.41911826863853,3277089.9500000183,184.97911210205564,17716,9.948312614804657,8.077669652445875,4789.037494724754,2566.038196728433,1.05927541139,0.003727664818237831,2.8277528532073544,0.038804350935920544,0.00040221971753913775,0.050040666404302964,0.001046835348901801,98309688,0.00032852266991311205,36685181,1.1835795317596575e-05,0,-0.09729869,1.5100702
hanover,84,5,13,227231032.29924303,7578,18656,4.923726576933229,6131,2.744655581947744,2427474.982999992,130.11765560677486,1403058.2690000006,134.90944894230773,10400,33.34931819532663,26.98134994134964,10682.849778208212,6174.589160657852,1.0636176058700002,0.0057354202401372215,2.7349168646080804,0.038048613428592816,0.0006498253368000008,0.04461599366587473,0.0008384178668904126,34042298,0.0004789362773636152,492797,1.9988950907958602e-05,0,-1.9826908,-0.28138715
helsinki,43,3,19,304646511.78169537,17676,35603,4.0284000905182165,10628,2.330448065173116,2951255.890999976,82.89346097238928,1743883.6629999932,84.67509895605697,20595,58.021343808020774,34.886334124895036,9687.47639268818,5724.285673914531,1.06782836519,0.0027244895093110127,2.4052604284529,0.12228371833793765,0.00022791513949188712,0.06773025571396273,0.0008920563855207432,25546325,0.00028302493003353954,2708837,8.523214712116753e-06,1,1.6500854,-4.0925508
hermosillo,50,3,20,15101479855.969318,26424,72884,5.516500151377535,22148,2.99988646684832,10678397.781999873,146.51223563470546,5785674.437000004,145.8303785098554,39674,1.7497622916442266,1.4666112335504211,707.10936172119,383.1197003327485,1.0521640456799999,0.0013446023818670767,3.0255960490462868,0.04766570672104115,0.00020877645049299573,0.0335348096247287,8.329953424727807e-05,316893283,0.00016148583097293546,2345282101,5.6956944436811625e-06,2,5.358639,1.2472649
"honolulu, hi",92,5,12,246801701.66239625,6145,14824,4.824735557363709,4619,2.692432872253865,2122448.782999995,143.17652340798676,1211715.585000001,146.41319296761728,8276,24.89853173057063,18.715430116111595,8599.81421806939,4909.672732554837,1.07927520787,0.003845116028062601,2.785687550854366,0.030931711158755686,0.0007852759696230084,0.03954976946026613,0.0006826071620916033,110572576,0.0006667040948288798,110638141,2.4591227260884386e-05,0,-2.7715328,-0.21050932
"houston, tx",98,4,15,3750124088.585612,62827,156844,4.992885224505388,54892,3.0595603800913618,21901775.67299967,139.64050695595412,13460089.216999875,140.67966029118068,95679,16.753312294712806,14.637382311448507,5840.280256235492,3589.238355597041,1.05140800903,0.00658616204636454,2.700536658867421,0.032389672500611595,7.947163952033686e-05,0.036853278882979665,0.0005009507836004725,1388461293,7.583161281224668e-05,151368912,2.412551476731245e-06,2,4.793755,3.2091806
hull,151,5,12,82305731.55038486,9103,19584,4.302757332747446,5846,2.321212786993299,1478034.9900000237,75.47155790441296,810287.298999998,76.54329293406366,10586,110.59983100238216,71.02786027023247,17957.86225525763,9844.846570666426,1.06474477965,0.005208333333333333,2.62686293895786,0.09960292318837977,0.00047272658017444297,0.031425537368633176,0.0007210176801544558,273465641,0.000478402472128021,53350499,1.64891379396798e-05,1,0.28413576,-4.900486
"jacksonville, fl",60,3,17,2266743884.5075827,37629,92200,4.9004756969358745,28757,2.7144755374843865,14955378.686000224,162.20584258134738,8524629.313999973,166.3180043703048,51255,16.600463888832483,12.68647957828153,6597.736421928878,3760.737757919141,1.0806614450799998,0.005737527114967462,2.7865994312896785,0.031472637032013084,0.00013023481707601176,0.04867345221327298,0.00038364144181163377,96614449,0.0001323007037577934,96564464,4.0009373991635425e-06,2,3.6544156,1.6313515
"kansas city, mo",47,3,19,1311848357.0887327,22044,56821,5.1552349845763015,18376,2.9300943567410638,8915756.856000032,156.90953795251812,5125242.581,160.35926851475236,31961,16.803771473190903,14.007716593692436,6796.331914296841,3906.886457802174,1.04709578824,0.0027454638249942804,2.8526454666425263,0.03199169373714558,0.00023387174996945326,0.0556194969368619,0.0009355590069160648,189889312,0.00019087753115757384,189625714,6.889194526484613e-06,0,1.3609097,1.6791269
karlsruhe,93,5,12,191293489.11007833,5305,12594,4.747973609802075,4573,2.869180018850141,1621004.933999996,128.7124768937586,973771.7120000008,127.10765069834237,7661,27.73225594179675,23.905675103079453,8473.915874194765,5090.459254677778,1.08137394314,0.011592821978720023,2.5634809927741165,0.049568977244163134,0.0008951684784694932,0.07379830348727574,0.001087144755236722,3737752224,0.0010210616798281141,441340,2.8562965976333033e-05,0,-3.6240284,-1.2276005
krakow,125,4,15,372444404.7123783,9069,20015,4.4139375895909145,6825,2.5887087881795128,2996666.5730000106,149.72103787159682,1741962.7300000002,148.96209423636054,11694,24.3499429317607,18.32488262314112,8045.943327606702,4677.108067565783,1.07288255486,0.001848613539845116,2.534902782372177,0.0419748444765472,0.0004867597694740838,0.05432425478737005,0.0007501621100647946,288621588,0.00045762135895082774,34802048,1.665124760713926e-05,0,-1.939549,0.003142449
"las vegas, nv",63,4,16,460269465.3390453,20868,49714,4.764615679509297,15998,2.7069676059037757,6192587.95900003,124.5642667860166,3569637.693000005,127.9715240912026,27894,45.33865826756104,34.75789989287145,13454.266305583456,7755.538791543615,1.08472273932,0.0032385243593353987,2.7148089578941264,0.036992728075559325,0.00022833256718786396,0.0493211296402794,0.0012686914755154538,5276795019,0.00020226482897263138,137043163,7.254984589084883e-06,0,0.13231175,5.378174
leeds,143,5,13,633495997.9869937,29954,67725,4.5219336315684036,20275,2.4066902583962078,5959742.58600007,87.99915224806307,3234302.706999996,89.59783663914888,36098,47.28364519299614,32.004937780863884,9407.703608133024,5105.4824612584225,1.06149020584,0.0034403839055001844,2.6973492688790084,0.06917146107316054,0.00015096763701694408,0.029799025171931226,0.00037140316927343134,21099197,0.00016187300413135163,321760,5.019134268688446e-06,1,0.9892025,-2.4799783
leipzig,108,5,11,326122737.70637184,8919,22505,5.046529880031394,7297,2.80479874425384,2952313.555999997,131.18478364807808,1638321.3469999894,131.0866816290598,12498,27.348599066497226,22.37501147978812,9052.768220835142,5023.634225943088,1.05318372292,0.0038213730282159524,2.802801136151268,0.059923794573899986,0.000565881350082088,0.05974938467370276,0.0009786825340316779,26684349,0.0006095789535862045,12370006,1.6940325533119613e-05,0,-1.850078,-0.3553255
"lincoln, ne",48,3,19,302474021.12598866,11007,28882,5.247933133460525,9431,3.0193513218860724,3746910.1970000123,129.73167360293652,2161853.680999991,130.83113537884236,16524,36.38990204522485,31.17953722072459,12387.543839473485,7147.23754771495,1.04513210041,0.002527525794612561,2.8505996184246136,0.033202442024517775,0.0004768247440905376,0.04795433209169895,0.0017113855205571455,134993726,0.0003508855585227703,134928676,1.374642398629594e-05,0,-0.46111348,2.820505
lisboa,162,7,9,93322822.20114301,9701,20168,4.157921863725389,8646,2.9183589320688585,1849606.2059999902,91.70994674732201,1299483.8539999973,92.03795268786722,14119,103.95099259954856,92.64614802759476,19819.44140109103,13924.609472259202,1.07297853545,0.005255850852836176,2.1951585747173814,0.13652286236837252,0.0004286517385283904,0.07652132082603291,0.0010519550096228516,247123157,0.000500855003486885,30043395,1.5695698250276176e-05,1,-1.081385,-5.780104
liverpool,119,6,10,126971601.58848786,14425,33476,4.641386481802426,10369,2.5319237435008666,2721620.337999992,81.30064338630636,1514304.3590000032,82.90289932114327,18266,113.60808101602991,81.66393012514483,21434.87444397766,11926.323209719209,1.0565169186799999,0.0040626120205520385,2.7059803581744477,0.0671948901051632,0.00032178220201079086,0.028008582982586176,0.0008777334626198091,2196507148,0.0003119815608723896,324206,1.0414426167172273e-05,1,0.16546455,-4.903854
ljubljana,100,5,13,315474333.49962497,6994,15927,4.5544752645124404,4907,2.4965684872748066,2197988.362999998,138.00391555220682,1237934.5930000006,141.93242295345112,8722,22.169790874630102,15.554355708008282,6967.24940700322,3924.042185198791,1.0935048969399999,0.003767187794311547,2.687517872462112,0.03658498749350279,0.0006512906141158611,0.032327709465256184,0.0006131651151387251,107544142,0.0006373899253420281,26432546,2.1544899551263328e-05,0,-2.836361,-0.13162673
"los angeles, ca",128,4,14,1973609766.9712806,53199,146406,5.5040884227147115,44067,2.9409951314874334,22415899.19700021,153.10779064382749,12124745.9430001,156.6383218742746,77406,26.955176697184505,22.32812217362788,11357.817321404857,6143.436329668577,1.0479248263299998,0.0010655301012253596,3.044479264289813,0.03316521818612129,0.00010346419832922656,0.031535680495246084,0.0009109296834885225,4757166084,8.169154547916645e-05,15711955,2.839471790379472e-06,2,4.73918,3.0969675
"louisville, ky",53,5,13,1161974990.5854025,22409,54840,4.894462046499173,16764,2.6542014369226647,9018413.997000046,164.44956230853475,4962959.507999992,167.7639018355134,29583,19.28526877218791,14.427160770090506,7761.280638627663,4271.1414171656625,1.07531938512,0.008296863603209336,2.8157540868996502,0.04983569247581597,0.0002184247610898066,0.03393428235679168,0.0007470678206220793,164883914,0.000165952325910667,29397294,6.750955962056491e-06,0,2.2389019,1.0616664
lyon,141,6,10,63916812.09120954,5055,9569,3.78595450049456,4153,2.8811078140454995,869870.9140000051,90.90510126450049,644853.2200000007,90.27764524709515,7143,79.08717338384297,64.97508032900096,13609.422709610359,10088.945285315429,1.04431430273,0.001463057790782736,1.9744543356412796,0.07525773226221856,0.0007491006134734276,0.052703593801517006,0.001272597165114512,257513701,0.0009152661856884184,15925418,3.0470726538303106e-05,1,-2.7950184,-4.612043
"madison, wi",67,4,14,357215926.1782786,8436,20933,4.962778568041727,7202,2.9735656709340916,2847855.286999967,136.04620871351295,1667964.1949999982,135.6619922732817,12295,23.615968331125803,20.161475097293508,7972.363711405927,4669.344429418172,1.0559146023700001,0.005445946591506235,2.7301861071597924,0.03597227788744767,0.0005883554911726981,0.06860676465939591,0.002416461600411629,53442927,0.0004715641816853341,53278643,1.808515476338747e-05,0,-2.0536137,1.2176614
madrid,129,7,8,732832074.6770833,30666,62008,4.044087914954673,28667,3.081882214830757,6203227.524000012,100.03914856147615,4759382.547000047,100.91348190318782,47163,41.84587582839184,39.118102210021156,8464.732560639375,6494.506328884732,1.05042216384,0.0017900916010837313,2.0933313767690667,0.05100446887256758,0.00013187959937892302,0.06286114915541267,0.0005508313787462517,4340536572,0.00016431790011922282,21696579,4.965656124715717e-06,1,2.5358741,-1.9821767
manchester,156,6,10,152249472.49685338,14418,34211,4.745595783048967,10350,2.536482175058954,2673368.63200002,78.14353956329894,1446035.5650000225,79.35657803753826,18222,94.69983549728217,67.9805310997968,17559.132311970883,9497.803449072104,1.0543160061799999,0.0028353453567565986,2.7790077218291964,0.05920920693539826,0.00032916666317877073,0.02851528182364613,0.0005822633358650907,3356338,0.0002598672245731629,234924,1.0465334277209385e-05,1,2.5460212,5.6277895
mannheim,73,4,14,151251999.55048025,6137,14389,4.689261854326218,5575,2.9918526967573733,1593043.0389999996,110.71256091458751,982560.2129999994,106.63774831777724,9214,40.57467020759472,36.85901684981922,10532.376720536,6496.179990480528,1.07498768787,0.010911112655500729,2.462576720438875,0.04407224467745364,0.0007642212930779518,0.0982510455705826,0.0007600615618125366,43457551,0.0007105149756491343,502811,2.471237314038592e-05,0,-2.5827665,-1.5925233
marseille,140,6,10,300671827.42513657,13589,28347,4.172050923541099,10873,2.7001986901170065,2773749.4150000107,97.84984001834448,1720605.583000004,93.80686855304786,18342,45.19545484647539,36.162350470654715,9225.172304148246,5722.536752893528,1.09447531768,0.004586023212332875,2.3470650280864254,0.05537048711960437,0.0003070393673492505,0.07387347609586425,0.0004145767410322765,30842090,0.00034565273734480826,25311174,1.110479215172555e-05,1,-1.3305888,-2.2698064
mazatlan,91,4,14,1884037248.3944046,14220,37778,5.313361462728551,12837,3.1047819971870605,3913894.224000013,103.60247297368872,2295691.3240000024,103.93387015574078,22088,7.547621477292143,6.813559557243266,2077.39747573222,1218.495720271143,1.06880770279,0.001402932923923977,2.8361064228785717,0.05069111411412959,0.00037368038981144846,0.04281997187060495,0.0001237766017615178,3893657100,0.00028924871622349515,3842972780,1.0557817418370022e-05,0,5.9312057,1.3838526
melbourne,118,6,11,51593188.29725476,3567,7131,3.9983179142136254,3361,3.2245584524810766,589372.610999999,82.64936348338226,463923.69500000094,82.19767806520214,5644,69.13703373880846,65.1442585915714,11423.457833315548,8991.956308788265,1.03712148666,0.00112186229140373,2.077095598542191,0.059937529992959114,0.0011212332905814995,0.0572443162855275,0.001304509499844259,29897221,0.0015517994453269346,26033782,4.315605202938248e-05,1,-3.6240337,-4.5700526
"memphis, tn",38,3,19,993485832.0923305,24544,64581,5.2624674054758795,19751,2.8010919165580184,10054421.306999827,155.68698699307578,5444877.562999999,158.51171944687042,34350,24.70493207568861,19.880504947316073,10120.346946291842,5480.5789746722585,1.06421121267,0.0048775955776466755,2.9312853107345163,0.03131505297605225,0.00021441826204925626,0.04142531197616064,0.0012753301036990995,203623779,0.000204574996472679,124896196,6.137051952189553e-06,0,1.6035845,1.6049073
mexicali,96,3,18,16216433396.593832,26789,78319,5.847101422225539,23512,3.103699279555041,11428724.943000132,145.92531752193122,6170019.779999987,148.2963942700569,41606,1.6519662088968885,1.4498872486312904,704.761932756476,380.4794574185447,1.03773267164,0.0017747928344335347,3.154416613784245,0.0416012212496728,0.0002182731604534135,0.035188572424005436,5.236222581409579e-05,2042735974,0.0001830004810336335,87731856,5.612157534822757e-06,2,4.792955,1.5447413
mexico city,218,7,9,1526753163.9592366,102746,258618,5.034122982889845,87145,2.954509177972865,23858732.67900041,92.25472580795,14304469.837999744,94.32181936751428,151656,67.29706047148774,57.0786437894205,15627.105443245982,9369.209231507224,1.04847887265,0.0013804143563093056,2.7528376495715823,0.04913758584360139,4.8996281890957174e-05,0.02678521816882548,0.00031680690632765994,1141524338,3.6715663075931046e-05,31180439,1.4645822461513746e-06,2,5.006794,4.2300425
"miami, fl",105,5,12,172499885.8161478,7716,21651,5.611975116640747,7180,3.2808449974079834,2523648.5959999943,116.56037116068516,1468250.9209999975,117.45067762578974,12501,44.73046439128541,41.62321595767617,14629.856617352927,8511.605176161536,1.02137196312,0.0003694979446676828,2.9811538793848253,0.03662204140242555,0.0007274109029994709,0.03411032116319845,0.0010369681802862348,99055363,0.0005377093428147019,98990356,1.9617275840223644e-05,0,-1.0277116,4.2036705
milan,226,8,8,210968006.2045352,13397,26445,3.947898783309696,12467,3.0763603791893708,2581032.936999983,97.60003543202812,1942467.181999995,94.80999521671195,20488,63.502519841854614,59.09426848312321,12234.23865748464,9207.40171434695,1.04204146349,0.0015882019285309132,2.0578699211266183,0.05163085587785192,0.00029470728451102765,0.09611817855454408,0.0010687593876228401,21227095,0.000398474476651801,14461110,1.1358838063625274e-05,1,-2.3479571,-4.343203
"milwaukee, wi",61,4,17,358634220.8936016,14446,39050,5.406340855600166,13493,3.336079191471688,4914415.056000043,125.84929720870787,2967093.2910000044,125.0513461878874,23727,40.280595543853,37.6232919613186,13703.140329873971,8273.313359798623,1.02382506434,0.0008962868117797695,2.8677130924361984,0.05283424597742911,0.0003742707411284034,0.058064186494202974,0.0015335052353269367,196637824,0.00032634127980615097,196620776,1.0458265903653698e-05,0,0.04063396,3.4001389
"minneapolis, mn",70,4,14,160322183.43685248,7781,23761,6.107441202930215,7366,3.4210255751188794,3392702.0480000083,142.78448078784598,1922660.9619999863,145.87715948406574,13180,48.53352064697128,45.944983046599475,21161.77546531682,11992.48239253978,1.0227781667,0.0005050292496107066,3.1901576489739885,0.028968870391611362,0.0007850181494768946,0.04492138970997697,0.0018438616073689425,34194624,0.0003773789277660853,33297482,1.9414887322036486e-05,0,-1.3786149,4.5357766
monterrey,144,4,13,326954034.78962475,25718,68901,5.358192705498095,23431,3.0829380200637684,6320259.269000067,91.72957241549568,3695471.404999977,93.3883754517191,39571,78.65937490738715,71.66450787211248,19330.72724753733,11302.724578327317,1.0517720635799999,0.0011030318863296613,2.8344499313062514,0.04988815954993026,0.0002083521680405025,0.034625091190532364,0.00016286700047290654,4751771382,0.0002382830062319087,293537866,5.860516624183349e-06,1,1.378163,5.612341
montpellier,163,7,8,64638017.60610861,6048,12998,4.298280423280423,5110,2.787533068783069,1126468.1189999904,86.66472680412298,714759.2289999984,84.67707961142025,8441,93.56722597613259,79.05564231779721,17427.330860678092,11057.876702772675,1.08799809108,0.011694106785659332,2.326945546737218,0.0555739816255398,0.0007108120428775405,0.08106772801713155,0.0011552034577338836,5052362438,0.0009263578560264568,13883028,2.523530496542974e-05,1,-1.995279,-5.178499
"montreal, qc",145,5,12,616882129.8891046,19738,50088,5.075286249873341,18742,3.2501266592359914,6480911.854000037,129.39050978278306,4327289.60499997,134.6010639522215,32149,31.99638803534194,30.38181703102537,10505.91602510044,7014.775425214339,1.06550795616,0.01100063887557898,2.599859830445518,0.030310591172783757,0.00025714577949401287,0.05515394525426013,0.001093334155729046,110744815,0.0001997870489168341,31243662,7.672417151856097e-06,0,2.009595,2.5159497
moscow,210,5,11,1405463573.3604126,16680,34976,4.193764988009591,15467,3.02494004796163,8021875.750000029,229.35372112305663,5467472.500000048,218.3059492912776,25045,11.867970338155914,11.004909905291221,5707.636897924016,3890.1559625110162,1.06043560874,0.0008577310155535224,2.2052008393285316,0.0247489123524155,0.0002514398338035479,0.08530575539568137,0.0008872280792424859,100012502,0.00033582200406276136,31448152,9.09245417946828e-06,0,1.7156518,-1.1812166
munchen,140,5,11,365323633.59333634,14501,37279,5.141576443003932,13069,2.9671746776084413,4647837.033000013,124.67708449797509,2738431.313999997,127.32152287520913,21508,39.69357212772589,35.77376002601542,12722.51944743821,7495.905170614583,1.04785937378,0.004265135867378417,2.736231984001085,0.06582657519495153,0.000354591478827899,0.05522147897846205,0.0011368008862886409,21093139,0.0002568663088074007,146607,1.041335944266063e-05,0,-0.033270713,-0.47196895
naberezhnye chelny,34,3,19,218782391.0666949,2640,5299,4.01439393939394,2387,2.9242424242424243,996406.8759999998,188.0367759954708,681725.3790000003,177.85686903208983,3833,12.066784658163865,10.910384461756491,4554.328486593098,3115.9974789386924,1.0498793736,0.0007548594074353653,2.133143939393936,0.026016728946816847,0.001521179969455835,0.09060606060606068,0.0036565005293858507,540276670,0.002135164340412821,324344024,5.7262626248411305e-05,0,-5.623921,-0.71676475
nantes,160,6,10,94944121.41098288,6797,14845,4.368103575106665,5596,2.7220832720317794,1282464.6729999995,86.39034509936003,764160.8230000007,83.06998836830097,9199,71.58947704174281,58.939931370544755,13507.573232982151,8048.532248691752,1.06255349062,0.0063994610980128,2.4219312441763527,0.06096154871129082,0.0006427462588444839,0.05663282820852283,0.000985485575979648,283833760,0.0007397762614523793,242311065,2.2348590130348403e-05,1,-1.6099306,-3.9115818
naples,186,9,7,156243293.10828316,7876,15924,4.043676993397664,6623,2.808532249873032,1822849.805000007,114.47185411956836,1216817.3800000013,110.8919511528298,10973,50.40856374258319,42.389019510808595,11666.7395363761,7787.965523465356,1.1043565799600001,0.0015699572971615173,2.199940748264772,0.04862476685929898,0.0005134827928124207,0.06461280804856116,0.0014085143047566661,298140875,0.0006369271079578593,183763046,1.941696863726905e-05,1,-2.858905,-3.6972322
"nashville, tn",87,4,16,1616021671.3383973,22469,56223,5.0044950821131335,16747,2.640838488584272,10349514.7819999,184.0797321736638,5580647.717000035,188.15400259609015,29660,13.903897700450427,10.363103600046433,6404.316826660116,3453.3248012559843,1.06706262967,0.007096739768422177,2.8776009909950733,0.028511509112242237,0.00022273878770312565,0.036386428709185216,0.0006183862553034697,202389385,0.00017877751890929726,202180294,6.7115921776286926e-06,0,2.6106708,1.1358389
"new orleans, la",73,5,12,732746676.9525309,15592,40889,5.244869163673679,14396,3.382632119035403,4873728.287999992,119.19411792902716,3143942.692999998,119.07971718051657,26402,21.278840956122263,19.646626116234998,6651.314077969848,4290.627022800775,1.0403975913099999,0.003399447284110641,2.767564563023785,0.03416213017042608,0.00033640364079752456,0.0338677954506585,0.0003280796862665928,115959722,0.00029575979615588453,115897829,9.653750053128363e-06,0,1.1934022,2.936267
"new york city, ny",133,7,9,1230682053.7368743,55463,141731,5.110830643852658,51513,3.314678253971116,16523389.040000316,116.58274505930471,11267618.777000114,122.64608828683822,91871,45.06687964742049,41.85727730698973,13426.204591046298,9155.588758921793,1.02119820013,0.0011006766339050737,2.701231451598315,0.03679248166423943,9.215013241230484e-05,0.040292799232090885,0.0007162387638181097,42727425,8.06404484601423e-05,42424258,2.7137019653081813e-06,2,4.5323405,3.9683118
newcastle,90,3,19,118929144.78365444,9095,21016,4.621440351841671,6307,2.4450797141286422,1832593.8890000002,87.19993761895702,992619.2649999991,89.32858756299488,11112,76.47410579252742,53.03157616640687,15409.123578023671,8346.307936592713,1.06495571989,0.00299771602588504,2.7268517500458187,0.06698703497101596,0.0005081856555796202,0.028634781015210067,0.000822829706944402,11134436,0.00044544565566330684,11134462,1.658054384397363e-05,1,1.0585719,-4.3953524
nice,130,6,10,91924016.22795694,4232,8872,4.19281663516068,3393,2.7393667296786393,1232929.110000001,138.9685651487828,766358.3630000014,132.79472587073323,5771,46.03802328985837,36.91091990134439,13412.480879235445,8336.86771365118,1.19997696496,0.0031559963931469797,2.335251260239442,0.04088732255153993,0.0009909753332925477,0.045800702133405466,0.00037574534606200585,812160263,0.0011559754478334624,35727746,3.584566311489451e-05,1,-4.8477635,-2.8229148
nizhny novgorod,180,5,12,368674287.71974015,4658,11949,5.130528123658222,3807,2.8140832975525982,2245466.7650000085,187.92089421709,1216479.9240000062,186.5480637938976,6521,12.634458531973705,10.326187984376103,6090.651938024422,3299.606087324303,1.05872489045,0.0005021340697966356,2.870319879776737,0.02689015341759115,0.0011016809370105992,0.05669099756691034,0.0019136836488023781,304927622,0.0008564018451767233,426956720,3.228918729195446e-05,0,-4.8587146,-0.2442146
"norfolk, va",56,4,15,170700858.73827103,8383,22034,5.25682929738757,7078,3.0150304187045216,2755131.7580000055,125.0400180629938,1622730.2889999996,128.19800039500709,12658,49.1093018627008,41.464349109411465,16140.116566281262,9506.2807591851,1.05480484764,0.0055822819279295645,2.892480814346486,0.035426490257251,0.000627156919277971,0.05011730088671473,0.0004973676722354279,5358473002,0.00047553684742670605,221047215,1.8077419954278773e-05,0,-0.29734895,5.2085233
nottingham,149,6,10,90645876.79297884,9251,20605,4.454653550967462,6344,2.4217922386769,1622963.5229999912,78.76551919436987,874120.4939999989,78.28412090274037,11166,102.0564897963076,69.98663617638907,17904.438463390772,9643.246057361825,1.05927718501,0.003300169861684057,2.6553039311065825,0.1274940501672098,0.00048158416767211286,0.03278924800922429,0.001322591177616609,110625822,0.00043148890224455847,36488754,1.6271454209701254e-05,1,0.08608289,-5.227246
nuremberg,107,5,13,270511332.0214813,8304,19442,4.682562620423892,6570,2.7165221579961463,2260615.1259999825,116.27482388643055,1326255.347999992,117.6384023416704,11274,30.697420096769108,24.287337432053594,8356.822278411859,4902.7718657445175,1.06144063279,0.005657854130233514,2.6428829479768687,0.049976223849185264,0.0005639603300522326,0.05594492614001228,0.00208978566756709,31055905,0.0005617945091499627,5890932,1.8154723858572603e-05,0,-2.0834143,-0.63616616
"oklahoma city, ok",51,4,14,2388538569.938123,28079,72210,5.143345560739342,23272,2.8733216994907225,13258097.262000015,183.60472596593291,7389985.19399999,184.37626790748712,40081,11.75572391980566,9.743196234257537,5550.715164856425,3093.9358849002947,1.06449300673,0.005594792964963301,2.8240594987950574,0.03181097151104555,0.00018318062400236412,0.049836091707240106,0.0003516493555575576,147415341,0.00016394708448116095,144800992,5.386243986591862e-06,2,3.3234026,1.387509
"omaha, ne",35,3,21,470249544.0766935,16340,44170,5.406364749082007,14226,3.0619951040391675,6059127.406999973,137.17743733303087,3443909.4349999963,139.2660210683811,24729,34.74750843636138,30.252022950775824,12884.919258979191,7323.578466751953,1.04365177446,0.0013131084446456874,2.9286780905752807,0.03194701865977548,0.0003308871258388353,0.050797633618931685,0.0013255416746482027,133949543,0.00026120877327720916,133900849,9.274852646685723e-06,0,0.09858112,2.7986732
"orlando, fl",74,4,15,505027705.19941515,8230,19633,4.771081409477522,7204,2.9756986634264884,2728740.7799999863,138.98745887026874,1717073.8589999997,143.79648764760069,11941,16.296135667943812,14.264563955269404,5403.150662640412,3399.9597275994915,1.0681603283299999,0.0037182295115366975,2.5542770352369373,0.08431103994421596,0.000579788723961316,0.06163628999594883,0.0016252775726636273,561189036,0.0004945649041850344,27337011,1.8793203963349842e-05,0,-2.4993618,0.6955598
oslo,113,7,8,540771260.7365166,9563,21778,4.554637666004392,7638,2.7007215309003456,3279083.848999993,150.56864032509841,1837216.0939999945,141.72769374373172,12963,17.68400189569142,14.124271303909971,6063.716930026875,3397.3996537792214,1.1180446885,0.0086325649738268,2.5447523441039985,0.05968336814971504,0.0004763268841251199,0.08412980584893315,0.0006478160497634719,1633421263,0.00044789164684169805,103132,1.5781140536702908e-05,0,-2.9821982,-1.4927303
"ottawa, on",107,6,10,165037778.58136573,6497,16398,5.047868246883176,5807,3.0226258273049105,2191024.8690000055,133.6153719356022,1294147.5619999948,132.88300256699813,9739,39.366744122751854,35.18588319544713,13275.898935587056,7841.523153815135,1.08447381765,0.00500060983046713,2.6832153301523984,0.03321897122857738,0.0007770733138674542,0.08534708326920046,0.0022297077365078482,900984750,0.0006434065270692253,899981347,2.332137617833403e-05,0,-4.03516,-1.6795529
palermo,119,6,10,194216003.24648082,8269,18319,4.430765509735156,6904,2.8071108961180307,1988159.106999993,108.52989284349545,1227410.4219999989,105.8842669082125,11592,42.57630608073918,35.548049000051186,10236.844924034442,6319.821237605658,1.08324855111,0.00169223210873956,2.43622364655138,0.04360083080658197,0.0005358932643608107,0.04381827709920549,0.00046326150237511776,513405534,0.0005465156238957389,262346946,1.8230106010745473e-05,1,-1.772428,-2.134959
paris,237,7,8,120379644.25539264,10681,20896,3.912742252598072,10162,3.1405299129295017,1930173.1880000043,92.37046267228195,1568258.9030000032,94.35974145607719,16620,88.72762555552681,84.41626541477983,16034.049609791391,13027.608718238509,1.02139487642,0.002153522205206738,1.9986237243703773,0.10720783685688098,0.0003663616341383775,0.06587175268946692,0.003023994547598597,1758970671,0.0005027128343909644,361136,1.4188733595821426e-05,1,-1.8727942,-5.865343
"philadelphia, pa",112,6,10,495689292.4883155,24811,61684,4.972310668655033,23657,3.3215912296965056,6838567.369999955,110.86452516049472,4566377.315999963,110.9690720777634,41150,50.05353227512949,47.72546100651881,13796.076440689216,9212.1766299957,1.03313850327,0.003355813501069969,2.5914412961992634,0.033187909506153294,0.00020041558519369467,0.03787164295406678,0.0010482553454178305,110250592,0.0001978802433964109,109758248,6.06950715320941e-06,1,2.3171766,3.8204176
"phoenix, az",73,4,17,1830386198.3832397,48697,125301,5.146148633386041,39615,2.800521592705916,17292836.467000287,138.01036278242222,9495023.388000052,139.79922242671495,67919,26.6047679134674,21.64297350744422,9447.643607821596,5187.442626253904,1.07580786577,0.004357507122848181,2.851568542894418,0.04292744428333039,0.00010567908315644136,0.04779154284462565,0.0008503380677176674,41623349,8.310673304462123e-05,41231518,3.099153026714046e-06,2,4.2304544,2.5975888
"pittsburgh, pa",127,5,13,213674182.80518097,9307,24329,5.228107875792414,7685,2.888793381325884,3117544.58999999,128.14109046816515,1738918.598999996,131.12038900618276,13262,43.55697013937208,35.965973516823304,14590.179071106753,8138.178305731339,1.05506031884,0.0033704632331785114,2.910030084882332,0.035098318556291634,0.0005617996857717382,0.03934468167840878,0.001259357335905513,4006700738,0.000416590806300195,104213153,1.6261635840503776e-05,0,-0.28099605,4.9656143
"portland, or",116,5,13,445815592.4284746,20358,57366,5.635720601237843,17387,3.031437272816583,6848263.821000023,119.37844404351047,3697366.022,120.28648649879628,30738,45.664620856136125,39.00043043646914,15361.203011531587,8293.487452647127,1.0403016472,0.0007844367743959838,3.0897182106952807,0.03675016031457809,0.0002768443582668802,0.030687362871271082,0.0002839776898822375,40411033,0.0001801490119161065,37408086,7.395052484253905e-06,0,1.640643,4.0255604
porto alegre,113,5,12,605938332.0870541,17752,43504,4.901306894997747,15085,2.939556106354213,5142951.3930000365,118.2178970439508,3053859.009999977,117.07337588652392,26085,29.296710671622602,24.89527267245533,8487.582185609537,5039.884173495784,1.0415802805,0.0008275101140125046,2.701686194982769,0.03748197454667489,0.0002761144101739891,0.03952981823644335,0.0006490645640479919,297234267,0.00021535180833384373,293815452,8.479712753628763e-06,0,0.83018744,0.29024228
prague,143,5,11,556741208.3684127,20697,48092,4.64724356186887,17030,2.8062521138329233,5757183.641000051,119.71187808783272,3555350.1390000237,122.45471306055052,29034,37.1752614839751,30.58871832014764,10340.861345385352,6386.001405247768,1.06646955403,0.003243782749729685,2.58020727641688,0.04040374332340582,0.0002245479107977577,0.060205412792744085,0.0009352886221120297,29745832,0.00024605291565033964,6935883,7.279292986190517e-06,0,0.45237043,-0.7789873
"quebec city, qc",85,4,14,531441145.5544084,11605,31561,5.439207238259372,10530,3.0283498492029297,4890799.394000013,154.96338500047568,2766883.5649999985,157.2003616271802,17601,21.836848909945555,19.81404730906736,9202.899389541712,5206.378143930761,1.10495301117,0.006875574284718482,2.8192890995260163,0.028382358248703294,0.00046873554276615273,0.06883814447795603,0.001319618368158031,177507668,0.00032443072753390325,130153258,1.2981346746875494e-05,0,-1.1839969,1.8475996
"raleigh, nc",57,3,20,601867771.2052202,16729,39310,4.699623408452387,12353,2.624484428238389,5255317.033999979,133.68906217247462,2956631.3149999958,136.69123046694384,21630,27.79514172440357,20.52444173121868,8731.680421226709,4912.426709739647,1.07917142328,0.007835156448740778,2.728115846733236,0.0357015572367425,0.00028094353230819294,0.04379221710801663,0.0013381606668890773,195449333,0.00023162220409034013,170550609,9.039563054465351e-06,0,0.3781463,1.2083707
"reno, nv",52,3,19,569833401.1366272,8277,19980,4.827836172526277,6594,2.7891748217953363,2958695.906000003,148.0828781781783,1708849.201999993,149.92535550096446,11398,14.525298066926494,11.571803244329267,5192.212144985524,2998.857558351986,1.08642600981,0.005005005005005005,2.7064697354113747,0.03577695759588883,0.0005833538149500919,0.06768555434738796,0.0013143847704115785,3028496642,0.00047224204115638006,91855129,1.8408369146303197e-05,0,-2.3410246,1.5203432
rio de janeiro,199,5,13,1439490458.9996927,63269,157519,4.979342173892428,52471,2.808247324914255,16694308.51799996,105.9828244084838,9633884.98500003,108.30796282139237,88949,43.952358005877905,36.45109258762458,11597.373510624651,6692.566056807804,1.05843660797,0.0018791383896545812,2.7431928221826287,0.04257126855198557,7.870237993759879e-05,0.041685501588456714,0.0003303481461159521,349338299,6.88530849511201e-05,145760586,2.3748028325229914e-06,2,4.6393743,3.7811546
rome,254,8,8,1781679401.6494622,42436,88526,4.1722122725987365,35599,2.820011311150909,11217084.30600004,126.70948993516072,7225343.989999987,120.91007045081808,59758,23.81797755573373,19.98058683680284,6295.792775970451,4055.3558531971753,1.07293875272,0.003264577638207984,2.289664043108021,0.04036034884288675,9.832007240715019e-05,0.06245685379439904,0.0005164641693629183,296361339,0.00011955486270410989,31409190,3.5497341344280905e-06,2,3.0423007,-1.3869613
rostov-on-don,237,7,8,331743277.41901124,7827,20553,5.251820620927559,6797,2.989523444487032,3025575.896000014,147.20848031917552,1709381.6939999997,146.57706173898129,11662,23.593545168103102,20.488734701366653,9120.23272796734,5152.724441921246,1.0358971749099999,0.00029192818566632606,2.865359226608734,0.030684959712872505,0.0006710734246009672,0.03765171841062991,0.000792083634201467,1837676997,0.000555139473820534,906562378,1.91890006807204e-05,0,-4.854898,1.6081823
rotterdam,81,5,13,162011911.07383528,11406,25604,4.4895668946168685,9811,2.9162721374715064,2434593.1870000027,95.0864391110765,1623510.27999999,97.60191655645005,16634,70.40223107300939,60.557275912440396,15027.248125543447,10020.931604591044,1.07771584087,0.006912982346508357,2.4277003331579725,0.054614126140551465,0.00039364900435039373,0.05626570810684448,0.0005728900904531313,44395827,0.0004078568511511328,44157300,1.3292252799759058e-05,1,-0.82139426,-3.1430264
"sacramento, ca",69,4,15,389584488.71185696,13693,35793,5.227926677864604,11368,2.8726356532534867,4909811.379000008,137.17239066297898,2774255.964000008,142.13833200123003,19518,35.147703249878525,29.179806510232897,12602.687019788882,7121.063708601326,1.07518436271,0.0013689827619925686,2.8697960028237963,0.03297803043661037,0.000381823450033906,0.04486720708878012,0.001943346566474793,90667650,0.00039906458532713287,90242235,1.1038628523145185e-05,0,-0.47518665,2.487032
saint petersburg,200,6,11,867911590.2396469,13066,27964,4.280422470534211,11963,3.0790601561304154,4758306.243999958,170.15828365040616,3390216.278999988,169.29073599320824,20026,15.054528764147776,13.78366199337975,5482.4780513486385,3906.1769852202174,1.03937948635,0.00042912315834644544,2.2684855762806277,0.04033502826384066,0.0003276251412578012,0.05985436574752395,0.0007783414909781089,106191031,0.00042577304681745183,699900,1.155691116972683e-05,0,1.3820432,-1.1895006
"san antonio, tx",60,4,17,1945408593.5509079,38687,99408,5.139090650606146,32699,2.918189572724688,15770210.84899995,158.64126477748218,9177640.075000064,163.27996148235238,56208,19.886310838889397,16.80829421048012,8106.374620364433,4717.589973347622,1.05973349112,0.002203042008691453,2.8080578316574365,0.032078857506940006,0.0001328410962778883,0.05153152221676288,0.001139863322408935,4620708502,0.00011121618199165664,149465111,3.910143107787168e-06,2,4.2016582,2.2257986
"san diego, ca",56,4,15,1643379362.8164089,30707,75274,4.902725762855375,23468,2.7558211482723807,10996700.788000006,146.0889654860909,6572447.914000005,155.8707943366695,42166,18.68527784563061,14.280330233538256,6691.516905234807,3999.3491841933583,1.07748669669,0.0037728830671945155,2.8054873481616496,0.03324420428384714,0.00015966670236620059,0.040042986941088335,0.0007328459688583263,49295475,0.00014934802250814137,48948364,4.9218654991881435e-06,2,2.8903768,1.525694
san juan,102,3,18,91092766986.40804,38459,90202,4.690813593697183,33915,2.478951610806313,18768435.106999934,208.07116368816585,9700343.734999957,203.36150387840576,47700,0.4221959796845173,0.3723127655685381,206.036502434934,106.48862753776429,1.08310100394,0.0009866743531185562,2.5477504181942607,0.07366043379349392,0.00012197237489457048,0.020414814044394013,3.140997514410165e-05,2378040410,0.0001208802590300173,4453539485,3.903612704658648e-06,2,5.5895476,0.01877357
"saskatoon, sk",42,4,17,249512638.3148499,6644,17630,5.307043949428056,5984,3.1059602649006623,2676744.151,151.8289365286443,1567559.253000001,151.74823359148118,10330,26.6279096917576,23.98275309986115,10727.890054299873,6282.484380698829,1.09706461551,0.0044809982983550775,2.7722757375075386,0.030798112367433357,0.0007988926613620772,0.08338852097130182,0.0015806138321983998,1770770872,0.0006983453324270928,26404075,2.2661714116229826e-05,0,-2.5862913,1.6445386
"seattle, wa",138,6,10,308415525.98125315,15727,45839,5.829338081007185,13610,3.112100209830228,5583389.309999999,121.80434368114484,2998436.62599999,122.88171083152288,24401,50.9928932726816,44.12877709933214,18103.463800131067,9722.06770868678,1.02619488375,0.0007199109928227057,3.1883067336428015,0.03663396669347504,0.0003706815516346692,0.03784029285396369,0.0007860662522698039,1315179681,0.0002955311896085368,53082879,9.560715050950855e-06,0,1.2197225,4.425119
sheffield,149,6,10,331832389.88014257,16653,38202,4.588002161772653,11682,2.4566144238275385,3754432.058999974,98.2784162871047,1985176.477000011,97.00349264598148,20465,50.18497442644175,35.204519981366275,11314.242290681961,5982.467467136206,1.06080829799,0.0025391340767499087,2.699064232670784,0.06790380668350236,0.0002755225895851431,0.037376648852058714,0.0007615043698933507,1198396268,0.00023770768554731602,318428,9.02792618112007e-06,1,0.36567104,-2.5925658
singapore,105,4,15,772475813.8142202,22200,43158,3.888108108108108,19691,2.973918918918919,5744442.992999981,133.10262275823678,4421924.087000016,133.89626304314962,33025,28.738763859005537,25.490765727372885,7436.404985466012,5724.352799042438,1.08184591063,0.0036377960053755967,2.0860623123123183,0.039135207348391376,0.00017514789441448373,0.11325525525525425,0.0009080197478392943,395054088,0.00020585456792371367,239886623,6.800215074265208e-06,0,0.99142474,-1.4859895
sochi,115,4,15,669548214.3688103,4259,9301,4.367691946466307,3014,2.464897863348204,2054134.0199999902,220.850878400171,1150696.6099999978,220.7359696911563,5213,6.36100568801457,4.501542884169035,3067.940405063201,1718.616501852329,1.16079247615,0.0026878830233308245,2.5840690302888008,0.03103769891446106,0.0010257613777516,0.04807075213273878,0.0008454474036883131,2193189202,0.0008869480912482658,571528800,3.527827782003467e-05,0,-5.20623,0.17553408
southampton,111,6,11,56571367.57864527,5630,12850,4.5648312611012445,3928,2.4493783303730017,1111559.8710000021,86.50271369649822,592463.4209999993,85.97640705267729,6891,99.52030931854704,69.43441829542678,19648.806782949283,10472.84954135781,1.0599247945499999,0.0043579766536964975,2.682137359384256,0.07377897648630254,0.000810948882767996,0.034381290704559066,0.0015286926197999092,596428,0.0006718239216435142,170457,2.6746470774980445e-05,1,-0.2747966,-4.945502
"st louis, mo",46,4,15,194145977.3887334,8851,24469,5.5290927578804645,7974,3.1807705344028925,3295692.7549999976,134.68849380849227,1950851.6299999931,139.29679614423372,14005,45.58940709998783,41.07218757375472,16975.333711916774,10048.375228984809,1.02285894953,0.0029424986717887943,2.9668869807554668,0.03309165598275357,0.0006247562438283532,0.04052649418144818,0.000408091835724098,1850742445,0.0003832127422033286,53158754,1.71060536666492e-05,0,-0.53450745,4.3404775
stockholm,135,7,9,313442072.3011917,12788,29786,4.658429777916797,9986,2.7000312793243664,3422154.0870000036,114.89136127711016,2027421.9200000009,116.84082065467965,17352,40.79860723901736,31.85915638792832,10917.979395285516,6468.2507524127695,1.09350420713,0.013160545222587793,2.6254978625794743,0.042401707978447264,0.00036430982856941696,0.05009905119382768,0.0011493867789238454,246113059,0.0003466961524356371,119740,1.1813152159480506e-05,1,-1.1279017,-1.6407095
stoke-on-trent,107,4,14,107287427.1957305,9506,21400,4.5024195245108345,6542,2.4185777403745004,1706444.9960000026,79.74042037383187,917762.3600000001,79.9792906318083,11475,88.60311267095322,60.976389974055955,15905.35853643725,8554.239615846827,1.05570921986,0.0022429906542056075,2.6733817238235686,0.08983662014990207,0.0004736895870079487,0.03361385791429963,0.0012909488945103149,3425609542,0.000423628787823165,14418831,1.5839998939468388e-05,1,0.75200325,-4.764644
stuttgart,108,4,13,216539881.54961723,9156,21589,4.715814766273481,7415,2.758082131935343,2608478.567999993,120.8244276251792,1500973.2359999968,119.01151569933373,12612,42.283204066046494,34.24311469525281,12046.180820516867,6931.624905576891,1.06788663292,0.003659270925008106,2.6488295471093672,0.05048061073055387,0.0005151081120998131,0.060755372485385074,0.0007631076054662117,490726,0.0004579215080919413,243657,1.648631123202098e-05,0,-1.4008498,-0.9741901
swansea,95,6,10,448990926.51018447,8449,18770,4.443129364421825,5597,2.360279322996804,2197833.4399999883,117.09288438998341,1166061.5689999964,116.07222466653359,10046,18.81775221087536,12.465730752073545,4895.050902437634,2597.071566820508,1.07125614674,0.00974960042621204,2.6728508304730294,0.0807431129865617,0.0005259386084778702,0.030871503530990094,0.0003723087287314839,93796567,0.0006216232027913752,365920,1.7800137251084188e-05,0,-3.5687945,0.08039299
"tampa, fl",87,5,13,543393088.8111135,13690,38391,5.608619430241052,12114,3.130241051862673,4884731.088999991,127.23635979786907,2771201.5420000083,129.82907200749628,21345,25.193548246909565,22.29325372264883,8989.313978371101,5099.810062110108,1.04712695174,0.0035424969393868353,3.0005466277087955,0.03825290206472592,0.00040971724963410037,0.042602873143413635,0.0011228404949035148,97805389,0.0003420561934988858,97754143,1.1094014958959523e-05,0,0.59677166,2.8682969
the hague,95,5,11,111879212.87298527,8365,19045,4.553496712492529,7793,3.109982068141064,1748769.1860000018,91.82300792859027,1225152.5189999982,94.48234125086745,12967,74.76813417964117,69.65547754476312,15630.867800127913,10950.671599655376,1.06341030895,0.00351798372276188,2.370649531779248,0.04502311489857737,0.0005444161540521377,0.058712891014145924,0.00153703694484655,45139599,0.0005935343981652276,27414614,1.8169838510431447e-05,1,-1.4032474,-3.7146783
"toledo, oh",36,3,22,251797212.9506839,9209,25721,5.5860571180367025,8214,3.040612444347921,3635964.3520000037,141.3617025776604,1995107.7809999974,142.65034899184886,13986,36.573081536862134,32.621488950351356,14440.050028322317,7923.470469034749,1.0443882557200002,0.007620232494848569,2.98269446555904,0.030814098170330456,0.0006066525975278194,0.04812321279907274,0.001688734510696353,63193037,0.00043612993282688176,63190493,1.6319382191855228e-05,0,-0.78948796,3.0584178
"toronto, on",164,6,10,712455601.8719305,27467,73263,5.334619725488769,24481,2.9915170932391604,11089796.748999987,151.36967840519756,6314133.110999952,152.89198292895426,41298,38.552577771628506,34.361439415561854,15565.596957708345,8862.493458413383,1.09494367394,0.010455482303481976,2.8126830985061604,0.02853879081992792,0.0001942263061781388,0.06700404121308871,0.001552988927757692,21292205,0.0001520858842202184,26658849,5.4752814931107585e-06,2,2.576414,2.5613935
toulouse,130,5,12,138605164.37203062,8906,19237,4.320008982708287,7969,2.8581854929261166,1974054.5850000056,102.61759032073637,1268168.5159999968,99.62046472898639,12730,64.25446007260864,57.49425020420147,14242.287391986629,9149.50407328331,1.08687692422,0.012060092530020274,2.273205329740255,0.061491175825459876,0.0004851217274237527,0.08534695710756933,0.0018709236610111465,359571795,0.0005541447508412546,635173,1.7147008344375098e-05,1,-1.62628,-3.2922769
"tucson, az",52,3,23,797907767.5240195,18726,48429,5.1723806472284535,15292,2.881661860514792,6619611.757999966,136.68693877635232,3694569.2349999975,137.95486482954323,26781,23.46887793573997,19.16512236427084,8296.211701937962,4630.3211791816275,1.06412024888,0.003758078837060439,2.8625057851828357,0.036507687465648364,0.00027622860599349654,0.04313076293210938,0.0006753784345003974,175388455,0.0002011406759013764,175024136,8.075651308341154e-06,0,0.7605218,1.7658224
"tulsa, ok",33,3,19,922220430.0659963,17700,46698,5.2766101694915255,15171,2.912429378531073,6958117.344000127,149.00246999871788,3897418.503999999,152.03504989272474,25635,19.19280838175895,16.450513896026276,7544.961179728137,4226.1246627567025,1.05384434274,0.002355561266007109,2.852853107344657,0.032335879031422814,0.00029813041242387475,0.04826365348399336,0.0009574960581482874,148344209,0.0002441705475065372,148064642,8.54411057108794e-06,0,0.7479818,1.8396057
turin,167,8,8,150840002.20719188,10786,23728,4.399777489338032,10034,3.2059150750973484,2293653.2949999813,96.66441735502279,1594061.164999993,92.86694815030546,17165,71.50623072243455,66.52081578610313,15205.86887720572,10567.894071033035,1.05038463141,0.0007164531355360756,2.329165894060196,0.046433974921027216,0.00040795340652184046,0.05757198484808354,0.0011653554847009448,439808308,0.0005044002842835579,262294804,1.4075515328381243e-05,1,-2.0426729,-4.4260845
utrecht,92,5,12,92820903.38092972,6493,14825,4.5664561835823205,5532,2.853534575696904,1403582.5560000048,94.67673227656022,926467.7290000005,100.29963505467148,9237,69.9519156084189,59.59864425470096,15121.405899701404,9981.240165244346,1.07979043656,0.004924114671163575,2.460590892756316,0.05135943183913804,0.0007033974404778673,0.049104163458083,0.0009768248818873226,45228147,0.0007886661759192822,45065984,2.3488439775289372e-05,1,-1.3096228,-3.5688758
valencia,136,6,10,278891656.49768996,8357,15526,3.7156874476486776,7687,3.0672490128036376,1479681.1569999843,95.30343662243878,1166472.3239999963,92.036635947609,12674,29.96504128143116,27.562674683542102,5305.576995675524,4182.5285799098765,1.05444900176,0.0014813860620893984,1.9336284950739893,0.05183690428779245,0.0004446729832035755,0.06371903793227174,0.0010684592918404443,254902191,0.0005433686105588764,29935857,1.8238365483138905e-05,1,-2.6363444,-2.854673
"vancouver, bc",102,4,13,142562666.41986123,7606,23003,6.0486458059426775,7050,3.316460688929792,2894843.6689999886,125.84635347563312,1568069.871999999,124.7867159000477,12566,53.3519762993179,49.451937011594964,20305.762663517995,10999.162062400528,1.02147783489,0.0018693213928618008,3.1990687176790233,0.033126299534990786,0.0007953511907879883,0.032255237093522814,0.0011821682898934002,256954549,0.0004597748781212963,251629152,1.98097748277917e-05,0,-1.2317152,4.5094504
warsaw,173,5,13,594146509.8536515,19400,44285,4.565463917525774,15460,2.72520618556701,5971915.14300006,134.85187180761116,3556882.2929999838,134.98092265948102,26351,32.65187908749738,26.020518076943787,10051.250060310957,5986.54075048948,1.04549909016,0.0019645478152873434,2.5693006872852475,0.05914689982562059,0.00023534532282728197,0.05851718213058505,0.0011221503740722028,31718360,0.0002800781767849579,32946682,7.79292151938083e-06,0,0.49878842,-0.87139046
"washington, dc",155,5,11,182889504.19234917,10164,27459,5.403187721369539,9507,3.2718417945690668,3341438.285000004,121.68827287956604,2003564.2020000003,121.14912335227964,16538,55.5745396373883,51.982206644298564,18270.257223103057,10955.052947668366,1.0374003868500001,0.0042244801340179895,2.8494359176177286,0.035119740980550145,0.0005316528309917522,0.07049483705327905,0.0012356921426727285,49749813,0.0006069758235380872,49768314,1.4890949854145792e-05,1,-0.3873056,0.05643246
wellington,118,5,12,8831659869.419867,13577,30903,4.552257494291816,9592,2.4662296530897843,9006282.018999973,291.43714263987226,4700676.230999992,278.49257841104287,16879,1.5373101093953072,1.0860925513235462,1019.7722910712114,532.2528607873992,1.1483470683700001,0.00954599877034592,2.666990744150621,0.036818521731406435,0.0003353165508464523,0.04292553583265798,0.00018499200691690388,319107249,0.00029521360948512666,3358595080,1.1054977118061516e-05,0,4.8716464,-0.96262854
"wichita, ks",22,3,18,1022820734.0262576,16384,43442,5.302978515625,13070,2.830810546875,6459759.827999999,148.698490585148,3491531.230999987,151.79910573453273,23001,16.01844727521861,12.778387810492385,6315.63245943562,3413.629695651392,1.05154275431,0.0023249389991252703,2.964184570312536,0.029663958866106982,0.00032368787863175553,0.03710734049479173,0.0006304148361117688,660612798,0.00026514915698554826,122134718,9.205627799001218e-06,0,0.6582745,1.7883887
vienna,109,5,11,442609000.07343537,16307,36650,4.495002146317534,14317,2.9883485619672534,4581927.010000018,125.01847230559395,3003114.3830000064,123.59512647131477,24298,36.84290196831611,32.34683433374513,10352.087303330502,6785.027829307008,1.0447524054700001,0.0019099590723055933,2.42845097197522,0.0451807224583023,0.0002756655308669893,0.048958232952837175,0.001119216473479708,60215987,0.00030330869334034295,621033,9.247971207950842e-06,0,0.072276324,-0.91942674
wiesbaden,57,5,13,199927619.8062417,4745,11164,4.705584826132771,3984,2.796417281348788,1492125.5159999975,133.65509817269776,864924.474,130.41683866103742,6632,23.733589208927608,19.927211677211297,7463.328565838376,4326.188021636205,1.06868026775,0.003851666069509136,2.571278538812781,0.039332140081511,0.0009919023663854166,0.06654724271162618,0.0014540385668383375,1582630546,0.000809303060266625,2387632,3.1904070200984835e-05,0,-3.711012,-0.7719726
"winnipeg, mb",94,4,15,559458196.1221427,15602,41555,5.326881169080887,14520,3.1755544161005003,6174017.595999966,148.57460223799703,3575623.2499999977,142.8706297199024,25027,27.88769582453972,25.95368179543114,11035.708545866108,6391.225072372265,1.10191252793,0.020623270364577062,2.7224308849292904,0.0328358235033215,0.00034144485411708846,0.0772422339016367,0.0014832820652862073,501847108,0.00028634056474696404,128869912,9.679114556505227e-06,0,-1.9744074,2.7343504
vladivostok,93,4,14,371394743.93640715,2109,4773,4.526315789473684,1696,2.656235182550972,1534939.0329999984,321.5878971296875,860820.5750000008,307.5457574133622,2799,5.678594095454184,4.5665697420058295,4132.904565991439,2317.804947577278,1.13978691759,0.001466582861931699,2.520033191085819,0.02140920698539504,0.002147208628782618,0.08874664137822069,0.0016198312848565767,257162797,0.0018902616752686687,1519151789,7.132514576445836e-05,0,-5.776841,-0.35454595
volgograd,116,5,13,1529946538.9826267,9711,26634,5.485325919060858,8135,2.898259705488621,4418352.754999997,165.89144533303286,2350774.653000004,167.86451392459327,14004,6.347280609201911,5.317179256086658,2887.913167173856,1536.5077099773735,1.06315680663,0.0009761958399038822,3.01543610338787,0.03135771553086871,0.0005649151306963157,0.044238492431263,0.000660275701250776,419065980,0.000423403959032811,419069370,1.5469147428389186e-05,0,-0.65556073,1.185963
wollongong,47,3,17,692046258.8586426,5938,13991,4.712361064331425,4681,2.6414617716402833,2343093.1680000117,167.47145793724624,1322647.4010000043,168.12602021100858,7867,8.580351275640515,6.763998706849655,3385.746455539488,1911.2124140102728,1.09279447128,0.005575012508040884,2.646766588076801,0.13545704216676002,0.0007937276510580432,0.06211968114965704,0.0004755479297796833,258988327,0.0005986452033264608,12233210,2.536816421697697e-05,0,-3.8839202,0.9837813
wuppertal,66,4,14,217668988.043374,6083,13818,4.543153049482164,4693,2.6279796153213875,1880064.23,136.05907005355334,1073111.864000001,134.77918412459192,7962,27.94610318484077,21.56026010956069,8637.262693688674,4930.017241528988,1.08792062346,0.002822405557967868,2.582941531042811,0.048173343317922376,0.0007469834017563464,0.05525234259411454,0.0008186191542381233,6288237,0.0007367105923888965,165327,2.485009785787743e-05,0,-2.8129544,-0.28369778
zaragoza,77,6,10,24940641021.40913,34520,80286,4.651564310544613,29769,2.8576477404403247,17506195.550000284,218.04792305009946,9964600.090999966,202.06842193741952,49313,1.3840863180047345,1.1935940208772575,701.9144189186197,399.5326376112915,1.11306107725,0.0017562215081085124,2.5020582271146603,0.05336876768632241,0.00013475373882623008,0.08087582078022827,0.00025926142316977,4788390364,0.0001731352414322836,1313192752,4.370488136681643e-06,2,4.915803,-0.22343652
zurich,156,7,9,94922437.83776,4763,10736,4.508083140877599,4024,2.787738820071384,1236487.1150000002,115.17204871460508,749970.5159999994,113.66634070930576,6598,50.177809467355324,42.39250583595168,13026.28907522777,7900.877106441764,1.04623939667,0.0010245901639344263,2.485772272377353,0.05784521240681712,0.0009466785260137807,0.04877178249002753,0.0011795752433247837,109864590,0.0011179899371988062,453763,3.1831229303204965e-05,1,-3.3772159,-3.6840463
